"","front","typhoon","hr","ehr","tr","etr"
"20010101",0,0,0,0,0,0
"20010102",0,0,0,0,0,0
"20010103",0,0,0,0,0,0
"20010104",0,0,0,0,0,0
"20010105",0,0,0,0,0,0
"20010106",1,0,0,0,0,0
"20010107",1,0,0,0,0,0
"20010108",0,0,0,0,0,0
"20010109",1,0,0,0,0,0
"20010110",0,0,0,0,0,0
"20010111",0,0,0,0,0,0
"20010112",1,0,0,0,0,0
"20010113",0,0,0,0,0,0
"20010114",0,0,0,0,0,0
"20010115",0,0,0,0,0,0
"20010116",0,0,0,0,0,0
"20010117",0,0,0,0,0,0
"20010118",0,0,0,0,0,0
"20010119",0,0,0,0,0,0
"20010120",1,0,0,0,0,0
"20010121",0,0,0,0,0,0
"20010122",1,0,0,0,0,0
"20010123",1,0,0,0,0,0
"20010124",1,0,0,0,0,0
"20010125",1,0,0,0,0,0
"20010126",1,0,1,0,0,0
"20010127",0,0,0,0,0,0
"20010128",0,0,0,0,0,0
"20010129",0,0,0,0,0,0
"20010130",0,0,0,0,0,0
"20010131",1,0,0,0,0,0
"20010201",0,0,0,0,0,0
"20010202",0,0,0,0,0,0
"20010203",1,0,0,0,0,0
"20010204",1,0,0,0,0,0
"20010205",0,0,0,0,0,0
"20010206",1,0,0,0,0,0
"20010207",1,0,0,0,0,0
"20010208",0,0,0,0,0,0
"20010209",1,0,0,0,0,0
"20010210",1,0,0,0,0,0
"20010211",0,0,0,0,0,0
"20010212",1,0,0,0,0,0
"20010213",1,0,0,0,0,0
"20010214",0,0,0,0,0,0
"20010215",0,0,0,0,0,0
"20010216",0,0,0,0,0,0
"20010217",0,0,0,0,0,0
"20010218",0,0,0,0,0,0
"20010219",0,0,0,0,0,0
"20010220",0,0,0,0,0,0
"20010221",0,0,0,0,0,0
"20010222",0,0,0,0,0,0
"20010223",0,0,0,0,0,0
"20010224",1,0,0,0,0,0
"20010225",0,0,0,0,0,0
"20010226",0,0,0,0,0,0
"20010227",1,0,0,0,0,0
"20010228",1,0,0,0,0,0
"20010301",0,0,0,0,0,0
"20010302",0,0,0,0,0,0
"20010303",1,0,0,0,0,0
"20010304",0,0,0,0,0,0
"20010305",0,0,0,0,0,0
"20010306",0,0,0,0,0,0
"20010307",1,0,0,0,0,0
"20010308",0,0,0,0,0,0
"20010309",0,0,0,0,0,0
"20010310",0,0,0,0,0,0
"20010311",1,0,0,0,0,0
"20010312",0,0,0,0,0,0
"20010313",0,0,0,0,0,0
"20010314",0,0,0,0,0,0
"20010315",0,0,0,0,0,0
"20010316",1,0,0,0,0,0
"20010317",1,0,0,0,0,0
"20010318",1,0,0,0,0,0
"20010319",0,0,0,0,0,0
"20010320",1,0,0,0,0,0
"20010321",1,0,0,0,0,0
"20010322",0,0,0,0,0,0
"20010323",0,0,0,0,0,0
"20010324",1,0,0,0,0,0
"20010325",1,0,0,0,0,0
"20010326",1,0,0,0,0,0
"20010327",1,0,0,0,0,0
"20010328",0,0,0,0,0,0
"20010329",0,0,0,0,0,0
"20010330",0,0,0,0,0,0
"20010331",0,0,0,0,0,0
"20010401",0,0,0,0,0,0
"20010402",1,0,0,0,0,0
"20010403",1,0,0,0,0,0
"20010404",1,0,0,0,0,0
"20010405",1,0,0,0,0,0
"20010406",0,0,0,0,0,0
"20010407",0,0,0,0,0,0
"20010408",0,0,0,0,0,0
"20010409",0,0,0,0,0,0
"20010410",1,0,0,0,0,0
"20010411",1,0,0,0,0,0
"20010412",0,0,0,0,0,0
"20010413",0,0,0,0,0,0
"20010414",1,0,0,0,0,0
"20010415",0,0,0,0,0,0
"20010416",1,0,0,0,0,0
"20010417",1,0,0,0,0,0
"20010418",0,0,0,0,0,0
"20010419",0,0,0,0,0,0
"20010420",1,0,0,0,0,0
"20010421",1,0,0,0,0,0
"20010422",0,0,0,0,0,0
"20010423",1,0,0,0,0,0
"20010424",1,0,0,0,0,0
"20010425",1,0,0,0,0,0
"20010426",0,0,0,0,0,0
"20010427",0,0,0,0,0,0
"20010428",0,0,0,0,0,0
"20010429",1,0,0,0,0,0
"20010430",1,0,0,0,0,0
"20010501",1,0,0,0,0,0
"20010502",1,0,0,0,0,0
"20010503",0,0,0,0,0,0
"20010504",0,0,0,0,0,0
"20010505",0,0,0,0,0,0
"20010506",1,0,0,0,0,0
"20010507",1,0,0,0,0,0
"20010508",1,0,0,0,0,0
"20010509",1,0,0,0,0,0
"20010510",1,0,0,0,0,0
"20010511",0,1,0,0,0,0
"20010512",0,1,0,0,0,0
"20010513",0,1,0,0,0,0
"20010514",0,0,0,0,0,0
"20010515",0,0,0,0,0,0
"20010516",0,0,0,0,0,0
"20010517",0,0,0,0,0,0
"20010518",1,0,0,0,0,0
"20010519",1,0,0,0,0,0
"20010520",1,0,0,0,0,0
"20010521",1,0,0,0,0,0
"20010522",1,0,1,0,0,0
"20010523",1,0,1,0,0,0
"20010524",1,0,0,0,0,0
"20010525",1,0,0,0,0,0
"20010526",0,0,0,0,0,0
"20010527",1,0,0,0,0,0
"20010528",1,0,0,0,0,0
"20010529",1,0,0,0,0,0
"20010530",1,0,1,0,0,0
"20010531",1,0,1,0,0,0
"20010601",1,0,0,0,0,0
"20010602",0,0,0,0,0,0
"20010603",0,0,0,0,0,0
"20010604",1,0,0,0,0,0
"20010605",1,0,0,0,0,0
"20010606",1,0,0,0,0,0
"20010607",1,0,0,0,0,0
"20010608",1,0,0,0,0,0
"20010609",0,0,0,0,0,0
"20010610",0,0,0,0,0,0
"20010611",0,0,0,0,0,0
"20010612",0,0,0,0,0,0
"20010613",1,0,0,0,0,0
"20010614",1,0,0,0,0,0
"20010615",1,0,0,0,0,0
"20010616",1,0,1,0,0,0
"20010617",0,0,1,0,0,0
"20010618",0,0,0,0,0,0
"20010619",0,0,0,0,0,0
"20010620",0,0,0,0,0,0
"20010621",1,0,0,0,0,0
"20010622",0,1,0,0,0,0
"20010623",0,1,0,0,0,0
"20010624",0,1,0,0,0,0
"20010625",0,0,0,0,0,0
"20010626",0,0,0,0,0,0
"20010627",0,0,0,0,0,0
"20010628",0,0,0,0,0,0
"20010629",0,0,0,0,0,0
"20010630",0,0,0,0,0,0
"20010701",0,0,0,0,0,0
"20010702",0,0,0,0,0,0
"20010703",0,1,0,0,0,0
"20010704",0,1,0,0,0,0
"20010705",0,1,0,0,0,0
"20010706",0,0,0,0,0,0
"20010707",0,0,0,0,0,0
"20010708",0,0,0,0,0,0
"20010709",0,0,0,0,0,0
"20010710",0,1,0,0,0,0
"20010711",0,1,0,0,0,0
"20010712",0,0,0,0,0,0
"20010713",0,0,0,0,0,0
"20010714",0,0,1,0,0,0
"20010715",0,0,1,0,0,0
"20010716",0,0,1,0,0,0
"20010717",0,0,1,1,0,0
"20010718",0,0,1,0,0,0
"20010719",0,0,0,0,0,0
"20010720",0,0,0,0,0,0
"20010721",0,0,0,0,0,0
"20010722",0,0,0,0,0,0
"20010723",0,1,0,0,0,0
"20010724",0,1,0,0,0,0
"20010725",0,0,0,0,0,0
"20010726",0,0,0,0,0,0
"20010727",0,0,0,0,0,0
"20010728",0,1,0,0,0,0
"20010729",0,1,0,0,0,0
"20010730",0,1,0,0,0,0
"20010731",0,1,0,0,0,0
"20010801",0,0,0,0,0,0
"20010802",0,0,0,0,0,0
"20010803",0,0,0,0,0,0
"20010804",0,0,0,0,0,0
"20010805",0,0,0,0,0,0
"20010806",0,0,0,0,0,0
"20010807",0,0,0,0,0,0
"20010808",0,0,0,0,0,0
"20010809",0,0,0,0,0,0
"20010810",0,0,0,0,0,0
"20010811",0,0,0,0,0,0
"20010812",0,0,0,0,0,0
"20010813",0,0,0,0,0,0
"20010814",0,0,0,0,0,0
"20010815",0,0,0,0,0,0
"20010816",0,0,0,0,0,0
"20010817",0,0,0,0,0,0
"20010818",0,0,0,0,0,0
"20010819",0,0,0,0,0,0
"20010820",0,0,0,0,0,0
"20010821",0,0,0,0,0,0
"20010822",0,0,0,0,0,0
"20010823",0,0,0,0,0,0
"20010824",0,0,0,0,0,0
"20010825",0,0,0,0,0,0
"20010826",0,0,0,0,0,0
"20010827",0,0,0,0,0,0
"20010828",0,0,0,0,0,0
"20010829",0,0,1,0,0,0
"20010830",0,0,0,0,0,0
"20010831",1,0,0,0,0,0
"20010901",1,0,1,0,0,0
"20010902",0,0,1,0,0,0
"20010903",0,0,1,1,0,0
"20010904",0,0,1,0,0,0
"20010905",0,0,1,1,1,0
"20010906",0,0,1,1,1,0
"20010907",0,0,0,0,0,0
"20010908",0,1,0,0,0,0
"20010909",0,1,0,0,0,0
"20010910",0,1,0,0,0,0
"20010911",0,0,0,0,0,0
"20010912",0,0,0,0,0,0
"20010913",0,1,0,0,0,0
"20010914",0,1,0,0,0,0
"20010915",0,1,0,0,0,0
"20010916",0,1,1,1,1,1
"20010917",0,1,1,1,1,1
"20010918",0,1,1,1,1,0
"20010919",0,1,1,1,0,0
"20010920",0,0,0,0,0,0
"20010921",0,0,0,0,0,0
"20010922",0,0,0,0,0,0
"20010923",0,1,1,0,0,0
"20010924",0,1,1,0,0,0
"20010925",0,1,1,0,0,0
"20010926",0,1,1,1,0,0
"20010927",0,1,1,1,0,0
"20010928",0,1,0,0,0,0
"20010929",0,0,1,0,0,0
"20010930",0,0,0,0,0,0
"20011001",0,0,0,0,0,0
"20011002",0,0,0,0,0,0
"20011003",0,0,0,0,0,0
"20011004",1,0,0,0,0,0
"20011005",0,0,0,0,0,0
"20011006",0,0,0,0,0,0
"20011007",0,0,0,0,0,0
"20011008",1,0,0,0,0,0
"20011009",1,0,0,0,0,0
"20011010",0,0,0,0,0,0
"20011011",0,0,0,0,0,0
"20011012",0,0,0,0,0,0
"20011013",0,0,0,0,0,0
"20011014",0,0,0,0,0,0
"20011015",0,1,1,0,0,0
"20011016",0,1,1,1,0,0
"20011017",0,0,1,0,0,0
"20011018",0,0,0,0,0,0
"20011019",0,0,0,0,0,0
"20011020",0,0,0,0,0,0
"20011021",0,0,0,0,0,0
"20011022",0,0,0,0,0,0
"20011023",0,0,0,0,0,0
"20011024",0,0,0,0,0,0
"20011025",0,0,0,0,0,0
"20011026",0,0,0,0,0,0
"20011027",1,0,0,0,0,0
"20011028",1,0,0,0,0,0
"20011029",1,0,0,0,0,0
"20011030",0,0,0,0,0,0
"20011031",0,0,0,0,0,0
"20011101",1,0,0,0,0,0
"20011102",1,0,0,0,0,0
"20011103",1,0,0,0,0,0
"20011104",0,0,0,0,0,0
"20011105",1,0,0,0,0,0
"20011106",0,0,0,0,0,0
"20011107",0,0,0,0,0,0
"20011108",0,0,0,0,0,0
"20011109",0,0,0,0,0,0
"20011110",0,0,0,0,0,0
"20011111",0,0,0,0,0,0
"20011112",0,0,0,0,0,0
"20011113",0,0,0,0,0,0
"20011114",0,0,0,0,0,0
"20011115",0,0,0,0,0,0
"20011116",0,0,0,0,0,0
"20011117",0,0,0,0,0,0
"20011118",0,0,0,0,0,0
"20011119",0,0,0,0,0,0
"20011120",0,0,0,0,0,0
"20011121",0,0,0,0,0,0
"20011122",0,0,0,0,0,0
"20011123",0,0,0,0,0,0
"20011124",0,0,0,0,0,0
"20011125",0,0,0,0,0,0
"20011126",0,0,0,0,0,0
"20011127",0,0,0,0,0,0
"20011128",0,0,0,0,0,0
"20011129",0,0,0,0,0,0
"20011130",0,0,0,0,0,0
"20011201",0,0,0,0,0,0
"20011202",0,0,0,0,0,0
"20011203",1,0,0,0,0,0
"20011204",1,0,0,0,0,0
"20011205",0,0,0,0,0,0
"20011206",0,0,0,0,0,0
"20011207",0,0,0,0,0,0
"20011208",0,0,0,0,0,0
"20011209",0,0,0,0,0,0
"20011210",0,0,0,0,0,0
"20011211",0,0,0,0,0,0
"20011212",1,0,0,0,0,0
"20011213",1,0,0,0,0,0
"20011214",0,0,0,0,0,0
"20011215",0,0,0,0,0,0
"20011216",1,0,0,0,0,0
"20011217",1,0,0,0,0,0
"20011218",0,0,0,0,0,0
"20011219",0,0,0,0,0,0
"20011220",1,0,0,0,0,0
"20011221",1,0,0,0,0,0
"20011222",0,0,0,0,0,0
"20011223",0,0,0,0,0,0
"20011224",0,0,0,0,0,0
"20011225",0,0,0,0,0,0
"20011226",0,0,0,0,0,0
"20011227",0,0,0,0,0,0
"20011228",0,0,0,0,0,0
"20011229",0,0,0,0,0,0
"20011230",0,0,0,0,0,0
"20011231",0,0,0,0,0,0
"20020101",0,0,0,0,0,0
"20020102",0,0,0,0,0,0
"20020103",0,0,0,0,0,0
"20020104",0,0,0,0,0,0
"20020105",0,0,0,0,0,0
"20020106",0,0,0,0,0,0
"20020107",0,0,0,0,0,0
"20020108",0,0,0,0,0,0
"20020109",0,0,0,0,0,0
"20020110",0,0,0,0,0,0
"20020111",0,0,0,0,0,0
"20020112",0,0,0,0,0,0
"20020113",0,0,0,0,0,0
"20020114",0,0,0,0,0,0
"20020115",0,0,0,0,0,0
"20020116",1,0,0,0,0,0
"20020117",1,0,0,0,0,0
"20020118",0,0,0,0,0,0
"20020119",1,0,0,0,0,0
"20020120",1,0,0,0,0,0
"20020121",0,0,0,0,0,0
"20020122",0,0,0,0,0,0
"20020123",0,0,0,0,0,0
"20020124",0,0,0,0,0,0
"20020125",1,0,0,0,0,0
"20020126",1,0,0,0,0,0
"20020127",0,0,0,0,0,0
"20020128",0,0,0,0,0,0
"20020129",0,0,0,0,0,0
"20020130",0,0,0,0,0,0
"20020131",0,0,0,0,0,0
"20020201",1,0,0,0,0,0
"20020202",0,0,0,0,0,0
"20020203",0,0,0,0,0,0
"20020204",1,0,0,0,0,0
"20020205",1,0,0,0,0,0
"20020206",0,0,0,0,0,0
"20020207",0,0,0,0,0,0
"20020208",1,0,0,0,0,0
"20020209",1,0,0,0,0,0
"20020210",0,0,0,0,0,0
"20020211",0,0,0,0,0,0
"20020212",0,0,0,0,0,0
"20020213",0,0,0,0,0,0
"20020214",0,0,0,0,0,0
"20020215",0,0,0,0,0,0
"20020216",0,0,0,0,0,0
"20020217",1,0,0,0,0,0
"20020218",0,0,0,0,0,0
"20020219",0,0,0,0,0,0
"20020220",0,0,0,0,0,0
"20020221",0,0,0,0,0,0
"20020222",0,0,0,0,0,0
"20020223",1,0,0,0,0,0
"20020224",1,0,0,0,0,0
"20020225",0,0,0,0,0,0
"20020226",0,0,0,0,0,0
"20020227",0,0,0,0,0,0
"20020228",0,0,0,0,0,0
"20020301",0,0,0,0,0,0
"20020302",1,0,0,0,0,0
"20020303",1,0,0,0,0,0
"20020304",0,0,0,0,0,0
"20020305",1,0,0,0,0,0
"20020306",0,0,0,0,0,0
"20020307",0,0,0,0,0,0
"20020308",0,0,0,0,0,0
"20020309",0,0,0,0,0,0
"20020310",0,0,0,0,0,0
"20020311",0,0,0,0,0,0
"20020312",0,0,0,0,0,0
"20020313",0,0,0,0,0,0
"20020314",1,0,0,0,0,0
"20020315",1,0,0,0,0,0
"20020316",1,0,0,0,0,0
"20020317",1,0,0,0,0,0
"20020318",0,0,0,0,0,0
"20020319",0,0,0,0,0,0
"20020320",0,0,0,0,0,0
"20020321",1,0,0,0,0,0
"20020322",1,0,0,0,0,0
"20020323",1,0,0,0,0,0
"20020324",1,0,0,0,0,0
"20020325",1,0,0,0,0,0
"20020326",1,0,0,0,0,0
"20020327",0,0,0,0,0,0
"20020328",1,0,0,0,0,0
"20020329",1,0,1,0,0,0
"20020330",1,0,1,0,0,0
"20020331",1,0,0,0,0,0
"20020401",0,0,0,0,0,0
"20020402",1,0,0,0,0,0
"20020403",0,0,0,0,0,0
"20020404",0,0,0,0,0,0
"20020405",0,0,0,0,0,0
"20020406",0,0,0,0,0,0
"20020407",0,0,0,0,0,0
"20020408",1,0,0,0,0,0
"20020409",1,0,0,0,0,0
"20020410",1,0,0,0,0,0
"20020411",1,0,0,0,0,0
"20020412",0,0,0,0,0,0
"20020413",0,0,0,0,0,0
"20020414",0,0,0,0,0,0
"20020415",0,0,0,0,0,0
"20020416",0,0,0,0,0,0
"20020417",1,0,0,0,0,0
"20020418",1,0,0,0,0,0
"20020419",0,0,0,0,0,0
"20020420",0,0,0,0,0,0
"20020421",1,0,0,0,0,0
"20020422",0,0,0,0,0,0
"20020423",0,0,0,0,0,0
"20020424",1,0,0,0,0,0
"20020425",0,0,0,0,0,0
"20020426",0,0,0,0,0,0
"20020427",0,0,0,0,0,0
"20020428",0,0,0,0,0,0
"20020429",0,0,0,0,0,0
"20020430",0,0,0,0,0,0
"20020501",0,0,0,0,0,0
"20020502",0,0,0,0,0,0
"20020503",0,0,0,0,0,0
"20020504",0,0,0,0,0,0
"20020505",0,0,0,0,0,0
"20020506",0,0,0,0,0,0
"20020507",0,0,0,0,0,0
"20020508",1,0,0,0,0,0
"20020509",1,0,0,0,0,0
"20020510",1,0,0,0,0,0
"20020511",1,0,0,0,0,0
"20020512",1,0,0,0,0,0
"20020513",0,0,0,0,0,0
"20020514",0,0,0,0,0,0
"20020515",1,0,0,0,0,0
"20020516",1,0,0,0,0,0
"20020517",1,0,0,0,0,0
"20020518",1,0,0,0,0,0
"20020519",0,0,0,0,0,0
"20020520",0,0,0,0,0,0
"20020521",1,0,0,0,0,0
"20020522",1,0,0,0,0,0
"20020523",1,0,0,0,0,0
"20020524",1,0,0,0,0,0
"20020525",0,0,0,0,0,0
"20020526",0,0,0,0,0,0
"20020527",0,0,0,0,0,0
"20020528",0,0,0,0,0,0
"20020529",0,0,0,0,0,0
"20020530",1,0,0,0,0,0
"20020531",1,0,0,0,0,0
"20020601",1,0,0,0,0,0
"20020602",1,0,0,0,0,0
"20020603",1,0,0,0,0,0
"20020604",1,0,0,0,0,0
"20020605",1,0,0,0,0,0
"20020606",1,0,0,0,0,0
"20020607",1,0,0,0,0,0
"20020608",0,0,0,0,0,0
"20020609",0,0,0,0,0,0
"20020610",0,0,0,0,0,0
"20020611",1,0,0,0,0,0
"20020612",1,0,1,0,0,0
"20020613",1,0,0,0,0,0
"20020614",1,0,0,0,0,0
"20020615",0,0,0,0,0,0
"20020616",0,0,1,0,0,0
"20020617",1,0,0,0,0,0
"20020618",1,0,0,0,0,0
"20020619",0,0,0,0,0,0
"20020620",0,0,0,0,0,0
"20020621",0,0,0,0,0,0
"20020622",0,0,0,0,0,0
"20020623",0,0,0,0,0,0
"20020624",0,0,0,0,0,0
"20020625",1,0,0,0,0,0
"20020626",1,0,0,0,0,0
"20020627",0,0,0,0,0,0
"20020628",0,0,0,0,0,0
"20020629",0,0,0,0,0,0
"20020630",0,0,0,0,0,0
"20020701",0,0,0,0,0,0
"20020702",0,1,0,0,0,0
"20020703",0,1,1,0,0,0
"20020704",0,1,1,1,0,0
"20020705",0,0,1,0,0,0
"20020706",0,0,1,0,0,0
"20020707",0,0,0,0,0,0
"20020708",0,0,0,0,0,0
"20020709",0,1,1,0,0,0
"20020710",0,1,1,1,0,0
"20020711",0,0,1,0,0,0
"20020712",0,0,0,0,0,0
"20020713",0,0,0,0,0,0
"20020714",0,0,0,0,0,0
"20020715",0,0,0,0,0,0
"20020716",0,0,0,0,0,0
"20020717",0,0,0,0,0,0
"20020718",0,0,0,0,0,0
"20020719",0,0,0,0,0,0
"20020720",0,0,0,0,0,0
"20020721",0,0,0,0,0,0
"20020722",0,0,0,0,0,0
"20020723",0,0,0,0,0,0
"20020724",0,0,0,0,0,0
"20020725",0,0,0,0,0,0
"20020726",0,0,0,0,0,0
"20020727",0,0,0,0,0,0
"20020728",0,0,0,0,0,0
"20020729",0,0,0,0,0,0
"20020730",0,0,0,0,0,0
"20020731",0,0,0,0,0,0
"20020801",0,0,0,0,0,0
"20020802",0,0,0,0,0,0
"20020803",0,0,0,0,0,0
"20020804",0,0,0,0,0,0
"20020805",0,0,0,0,0,0
"20020806",0,0,0,0,0,0
"20020807",0,0,0,0,0,0
"20020808",0,0,0,0,0,0
"20020809",0,0,0,0,0,0
"20020810",0,0,0,0,0,0
"20020811",1,0,0,0,0,0
"20020812",0,0,0,0,0,0
"20020813",0,0,0,0,0,0
"20020814",0,0,0,0,0,0
"20020815",0,0,0,0,0,0
"20020816",0,0,0,0,0,0
"20020817",0,0,0,0,0,0
"20020818",0,0,0,0,0,0
"20020819",0,0,0,0,0,0
"20020820",0,0,0,0,0,0
"20020821",0,0,0,0,0,0
"20020822",0,0,0,0,0,0
"20020823",0,0,0,0,0,0
"20020824",0,0,0,0,0,0
"20020825",0,0,0,0,0,0
"20020826",0,0,0,0,0,0
"20020827",0,0,0,0,0,0
"20020828",0,0,0,0,0,0
"20020829",0,0,0,0,0,0
"20020830",0,0,0,0,0,0
"20020831",0,0,0,0,0,0
"20020901",0,0,0,0,0,0
"20020902",0,0,0,0,0,0
"20020903",0,0,0,0,0,0
"20020904",0,1,0,0,0,0
"20020905",0,1,1,0,0,0
"20020906",0,1,1,0,0,0
"20020907",0,1,1,1,0,0
"20020908",0,1,1,0,0,0
"20020909",0,0,0,0,0,0
"20020910",0,0,0,0,0,0
"20020911",0,0,0,0,0,0
"20020912",0,0,0,0,0,0
"20020913",0,0,0,0,0,0
"20020914",0,0,0,0,0,0
"20020915",0,0,0,0,0,0
"20020916",0,0,0,0,0,0
"20020917",0,0,0,0,0,0
"20020918",0,0,0,0,0,0
"20020919",0,0,0,0,0,0
"20020920",0,0,0,0,0,0
"20020921",0,0,0,0,0,0
"20020922",0,0,0,0,0,0
"20020923",0,0,0,0,0,0
"20020924",0,0,0,0,0,0
"20020925",0,0,0,0,0,0
"20020926",0,0,0,0,0,0
"20020927",1,0,0,0,0,0
"20020928",0,0,0,0,0,0
"20020929",0,0,0,0,0,0
"20020930",0,0,0,0,0,0
"20021001",0,0,0,0,0,0
"20021002",0,0,0,0,0,0
"20021003",0,0,0,0,0,0
"20021004",0,0,0,0,0,0
"20021005",0,0,0,0,0,0
"20021006",1,0,0,0,0,0
"20021007",1,0,0,0,0,0
"20021008",0,0,0,0,0,0
"20021009",0,0,0,0,0,0
"20021010",0,0,0,0,0,0
"20021011",0,0,0,0,0,0
"20021012",0,0,0,0,0,0
"20021013",0,0,0,0,0,0
"20021014",0,0,0,0,0,0
"20021015",0,0,0,0,0,0
"20021016",0,0,0,0,0,0
"20021017",0,0,0,0,0,0
"20021018",1,0,0,0,0,0
"20021019",1,0,0,0,0,0
"20021020",0,0,0,0,0,0
"20021021",0,0,0,0,0,0
"20021022",0,0,0,0,0,0
"20021023",0,0,0,0,0,0
"20021024",1,0,0,0,0,0
"20021025",0,0,0,0,0,0
"20021026",0,0,0,0,0,0
"20021027",0,0,0,0,0,0
"20021028",0,0,0,0,0,0
"20021029",0,0,0,0,0,0
"20021030",1,0,0,0,0,0
"20021031",1,0,0,0,0,0
"20021101",0,0,0,0,0,0
"20021102",0,0,0,0,0,0
"20021103",0,0,0,0,0,0
"20021104",0,0,0,0,0,0
"20021105",0,0,0,0,0,0
"20021106",0,0,0,0,0,0
"20021107",1,0,0,0,0,0
"20021108",0,0,0,0,0,0
"20021109",0,0,0,0,0,0
"20021110",0,0,0,0,0,0
"20021111",0,0,0,0,0,0
"20021112",0,0,0,0,0,0
"20021113",0,0,0,0,0,0
"20021114",1,0,0,0,0,0
"20021115",1,0,0,0,0,0
"20021116",1,0,0,0,0,0
"20021117",0,0,0,0,0,0
"20021118",0,0,0,0,0,0
"20021119",0,0,0,0,0,0
"20021120",0,0,0,0,0,0
"20021121",1,0,0,0,0,0
"20021122",0,0,0,0,0,0
"20021123",0,0,0,0,0,0
"20021124",0,0,0,0,0,0
"20021125",0,0,0,0,0,0
"20021126",0,0,0,0,0,0
"20021127",0,0,0,0,0,0
"20021128",1,0,0,0,0,0
"20021129",1,0,0,0,0,0
"20021130",1,0,0,0,0,0
"20021201",0,0,0,0,0,0
"20021202",0,0,0,0,0,0
"20021203",1,0,0,0,0,0
"20021204",1,0,0,0,0,0
"20021205",0,0,0,0,0,0
"20021206",0,0,0,0,0,0
"20021207",1,0,0,0,0,0
"20021208",0,0,0,0,0,0
"20021209",0,0,0,0,0,0
"20021210",0,0,0,0,0,0
"20021211",0,0,0,0,0,0
"20021212",0,0,0,0,0,0
"20021213",0,0,0,0,0,0
"20021214",0,0,0,0,0,0
"20021215",0,0,0,0,0,0
"20021216",0,0,0,0,0,0
"20021217",0,0,0,0,0,0
"20021218",0,0,0,0,0,0
"20021219",1,0,0,0,0,0
"20021220",1,0,0,0,0,0
"20021221",1,0,0,0,0,0
"20021222",0,0,0,0,0,0
"20021223",0,0,0,0,0,0
"20021224",0,0,0,0,0,0
"20021225",0,0,0,0,0,0
"20021226",0,0,1,0,0,0
"20021227",0,0,1,0,0,0
"20021228",0,0,0,0,0,0
"20021229",0,0,0,0,0,0
"20021230",0,0,0,0,0,0
"20021231",0,0,0,0,0,0
"20030101",0,0,0,0,0,0
"20030102",1,0,0,0,0,0
"20030103",1,0,0,0,0,0
"20030104",0,0,0,0,0,0
"20030105",0,0,0,0,0,0
"20030106",0,0,0,0,0,0
"20030107",0,0,1,0,0,0
"20030108",0,0,1,0,0,0
"20030109",0,0,0,0,0,0
"20030110",0,0,0,0,0,0
"20030111",0,0,0,0,0,0
"20030112",0,0,0,0,0,0
"20030113",0,0,0,0,0,0
"20030114",0,0,0,0,0,0
"20030115",0,0,0,0,0,0
"20030116",0,0,0,0,0,0
"20030117",0,0,0,0,0,0
"20030118",0,0,0,0,0,0
"20030119",0,0,0,0,0,0
"20030120",0,0,0,0,0,0
"20030121",0,0,0,0,0,0
"20030122",0,0,0,0,0,0
"20030123",0,0,0,0,0,0
"20030124",0,0,0,0,0,0
"20030125",0,0,0,0,0,0
"20030126",1,0,0,0,0,0
"20030127",1,0,0,0,0,0
"20030128",0,0,0,0,0,0
"20030129",0,0,0,0,0,0
"20030130",0,0,0,0,0,0
"20030131",1,0,0,0,0,0
"20030201",1,0,0,0,0,0
"20030202",0,0,0,0,0,0
"20030203",1,0,0,0,0,0
"20030204",1,0,0,0,0,0
"20030205",0,0,0,0,0,0
"20030206",0,0,0,0,0,0
"20030207",0,0,0,0,0,0
"20030208",0,0,0,0,0,0
"20030209",0,0,0,0,0,0
"20030210",0,0,0,0,0,0
"20030211",1,0,0,0,0,0
"20030212",0,0,0,0,0,0
"20030213",0,0,0,0,0,0
"20030214",0,0,0,0,0,0
"20030215",1,0,0,0,0,0
"20030216",1,0,0,0,0,0
"20030217",0,0,0,0,0,0
"20030218",0,0,0,0,0,0
"20030219",0,0,0,0,0,0
"20030220",0,0,0,0,0,0
"20030221",0,0,0,0,0,0
"20030222",0,0,0,0,0,0
"20030223",1,0,0,0,0,0
"20030224",0,0,0,0,0,0
"20030225",0,0,0,0,0,0
"20030226",0,0,0,0,0,0
"20030227",0,0,0,0,0,0
"20030228",0,0,0,0,0,0
"20030301",1,0,0,0,0,0
"20030302",0,0,0,0,0,0
"20030303",1,0,0,0,0,0
"20030304",0,0,0,0,0,0
"20030305",1,0,0,0,0,0
"20030306",1,0,0,0,0,0
"20030307",0,0,0,0,0,0
"20030308",0,0,0,0,0,0
"20030309",0,0,0,0,0,0
"20030310",0,0,0,0,0,0
"20030311",0,0,0,0,0,0
"20030312",0,0,0,0,0,0
"20030313",1,0,0,0,0,0
"20030314",0,0,0,0,0,0
"20030315",0,0,0,0,0,0
"20030316",0,0,0,0,0,0
"20030317",1,0,0,0,0,0
"20030318",1,0,0,0,0,0
"20030319",1,0,0,0,0,0
"20030320",1,0,0,0,0,0
"20030321",1,0,0,0,0,0
"20030322",0,0,0,0,0,0
"20030323",0,0,0,0,0,0
"20030324",0,0,0,0,0,0
"20030325",0,0,0,0,0,0
"20030326",0,0,0,0,0,0
"20030327",1,0,0,0,0,0
"20030328",1,0,0,0,0,0
"20030329",0,0,0,0,0,0
"20030330",0,0,0,0,0,0
"20030331",0,0,0,0,0,0
"20030401",0,0,0,0,0,0
"20030402",1,0,0,0,0,0
"20030403",1,0,1,0,0,0
"20030404",1,0,1,0,0,0
"20030405",0,0,0,0,0,0
"20030406",0,0,0,0,0,0
"20030407",1,0,0,0,0,0
"20030408",1,0,0,0,0,0
"20030409",1,0,0,0,0,0
"20030410",0,0,0,0,0,0
"20030411",1,0,0,0,0,0
"20030412",0,0,0,0,0,0
"20030413",1,0,0,0,0,0
"20030414",1,0,0,0,0,0
"20030415",1,0,0,0,0,0
"20030416",0,0,0,0,0,0
"20030417",0,0,0,0,0,0
"20030418",0,0,0,0,0,0
"20030419",0,0,0,0,0,0
"20030420",0,0,0,0,0,0
"20030421",0,1,0,0,0,0
"20030422",0,1,0,0,0,0
"20030423",0,1,0,0,0,0
"20030424",0,1,0,0,0,0
"20030425",1,0,0,0,0,0
"20030426",0,0,0,0,0,0
"20030427",0,0,0,0,0,0
"20030428",0,0,0,0,0,0
"20030429",1,0,0,0,0,0
"20030430",1,0,0,0,0,0
"20030501",0,0,0,0,0,0
"20030502",0,0,0,0,0,0
"20030503",0,0,0,0,0,0
"20030504",0,0,0,0,0,0
"20030505",0,0,0,0,0,0
"20030506",0,0,0,0,0,0
"20030507",1,0,0,0,0,0
"20030508",1,0,0,0,0,0
"20030509",0,0,0,0,0,0
"20030510",0,0,0,0,0,0
"20030511",0,0,0,0,0,0
"20030512",0,0,0,0,0,0
"20030513",0,0,0,0,0,0
"20030514",1,0,0,0,0,0
"20030515",1,0,0,0,0,0
"20030516",1,0,0,0,0,0
"20030517",1,0,0,0,0,0
"20030518",1,0,0,0,0,0
"20030519",1,0,0,0,0,0
"20030520",0,0,0,0,0,0
"20030521",0,0,0,0,0,0
"20030522",1,0,0,0,0,0
"20030523",0,0,0,0,0,0
"20030524",1,0,0,0,0,0
"20030525",1,0,0,0,0,0
"20030526",0,0,0,0,0,0
"20030527",0,0,0,0,0,0
"20030528",0,0,0,0,0,0
"20030529",0,0,0,0,0,0
"20030530",0,0,0,0,0,0
"20030531",0,0,0,0,0,0
"20030601",0,1,0,0,0,0
"20030602",0,1,0,0,0,0
"20030603",0,1,0,0,0,0
"20030604",0,0,0,0,0,0
"20030605",0,0,0,0,0,0
"20030606",1,0,0,0,0,0
"20030607",1,0,0,0,0,0
"20030608",1,0,0,0,0,0
"20030609",1,0,0,0,0,0
"20030610",1,0,0,0,0,0
"20030611",1,0,0,0,0,0
"20030612",1,0,0,0,0,0
"20030613",0,0,0,0,0,0
"20030614",1,0,0,0,0,0
"20030615",1,0,0,0,0,0
"20030616",1,1,0,0,0,0
"20030617",0,1,0,0,0,0
"20030618",0,1,1,0,0,0
"20030619",0,0,1,0,0,0
"20030620",0,0,1,0,0,0
"20030621",0,0,1,0,0,0
"20030622",0,0,0,0,0,0
"20030623",0,0,0,0,0,0
"20030624",0,0,0,0,0,0
"20030625",0,0,0,0,0,0
"20030626",0,0,0,0,0,0
"20030627",0,0,0,0,0,0
"20030628",0,0,0,0,0,0
"20030629",0,0,0,0,0,0
"20030630",0,0,0,0,0,0
"20030701",0,0,0,0,0,0
"20030702",0,0,0,0,0,0
"20030703",0,0,0,0,0,0
"20030704",0,0,0,0,0,0
"20030705",0,0,0,0,0,0
"20030706",0,0,0,0,0,0
"20030707",0,0,0,0,0,0
"20030708",0,0,0,0,0,0
"20030709",0,0,0,0,0,0
"20030710",0,0,0,0,0,0
"20030711",0,0,0,0,0,0
"20030712",0,0,0,0,0,0
"20030713",0,0,0,0,0,0
"20030714",0,0,0,0,0,0
"20030715",0,0,0,0,0,0
"20030716",0,0,0,0,0,0
"20030717",0,0,0,0,0,0
"20030718",0,0,0,0,0,0
"20030719",0,0,0,0,0,0
"20030720",0,0,0,0,0,0
"20030721",0,1,0,0,0,0
"20030722",0,1,0,0,0,0
"20030723",0,1,0,0,0,0
"20030724",0,0,0,0,0,0
"20030725",0,0,0,0,0,0
"20030726",0,0,0,0,0,0
"20030727",0,0,0,0,0,0
"20030728",0,0,0,0,0,0
"20030729",0,0,0,0,0,0
"20030730",0,0,0,0,0,0
"20030731",0,0,0,0,0,0
"20030801",0,0,0,0,0,0
"20030802",0,1,0,0,0,0
"20030803",0,1,0,0,0,0
"20030804",0,1,0,0,0,0
"20030805",0,0,0,0,0,0
"20030806",0,0,0,0,0,0
"20030807",0,0,0,0,0,0
"20030808",0,0,0,0,0,0
"20030809",0,0,0,0,0,0
"20030810",0,0,0,0,0,0
"20030811",0,0,1,1,0,0
"20030812",0,0,1,0,0,0
"20030813",0,0,1,1,0,0
"20030814",1,0,1,0,0,0
"20030815",0,0,0,0,0,0
"20030816",0,0,0,0,0,0
"20030817",0,0,0,0,0,0
"20030818",0,0,0,0,0,0
"20030819",0,1,0,0,0,0
"20030820",0,1,0,0,0,0
"20030821",0,0,0,0,0,0
"20030822",0,1,0,0,0,0
"20030823",0,1,0,0,0,0
"20030824",0,0,0,0,0,0
"20030825",0,0,0,0,0,0
"20030826",0,0,0,0,0,0
"20030827",0,0,0,0,0,0
"20030828",0,0,0,0,0,0
"20030829",0,0,0,0,0,0
"20030830",0,0,0,0,0,0
"20030831",0,1,0,0,0,0
"20030901",0,1,0,0,0,0
"20030902",0,1,1,0,0,0
"20030903",0,0,0,0,0,0
"20030904",0,0,0,0,0,0
"20030905",0,0,0,0,0,0
"20030906",0,0,0,0,0,0
"20030907",0,0,0,0,0,0
"20030908",0,0,0,0,0,0
"20030909",0,0,0,0,0,0
"20030910",0,0,1,0,0,0
"20030911",0,0,1,0,0,0
"20030912",0,0,0,0,0,0
"20030913",0,0,0,0,0,0
"20030914",0,0,0,0,0,0
"20030915",0,0,0,0,0,0
"20030916",0,0,0,0,0,0
"20030917",0,0,0,0,0,0
"20030918",0,0,0,0,0,0
"20030919",0,0,0,0,0,0
"20030920",0,0,0,0,0,0
"20030921",0,0,0,0,0,0
"20030922",0,0,0,0,0,0
"20030923",0,0,0,0,0,0
"20030924",0,0,0,0,0,0
"20030925",0,0,0,0,0,0
"20030926",0,0,0,0,0,0
"20030927",0,0,0,0,0,0
"20030928",0,0,0,0,0,0
"20030929",0,0,0,0,0,0
"20030930",0,0,0,0,0,0
"20031001",0,0,0,0,0,0
"20031002",0,0,0,0,0,0
"20031003",0,0,0,0,0,0
"20031004",0,0,0,0,0,0
"20031005",0,0,0,0,0,0
"20031006",0,0,0,0,0,0
"20031007",0,0,1,0,0,0
"20031008",0,0,0,0,0,0
"20031009",0,0,0,0,0,0
"20031010",0,0,0,0,0,0
"20031011",0,0,0,0,0,0
"20031012",0,0,0,0,0,0
"20031013",1,0,0,0,0,0
"20031014",1,0,0,0,0,0
"20031015",0,0,0,0,0,0
"20031016",0,0,0,0,0,0
"20031017",0,0,0,0,0,0
"20031018",0,0,0,0,0,0
"20031019",0,0,0,0,0,0
"20031020",0,0,0,0,0,0
"20031021",0,0,0,0,0,0
"20031022",0,0,0,0,0,0
"20031023",0,0,0,0,0,0
"20031024",0,0,0,0,0,0
"20031025",0,0,0,0,0,0
"20031026",0,0,0,0,0,0
"20031027",0,0,0,0,0,0
"20031028",0,0,0,0,0,0
"20031029",0,0,0,0,0,0
"20031030",0,0,0,0,0,0
"20031031",0,0,0,0,0,0
"20031101",0,0,0,0,0,0
"20031102",1,1,0,0,0,0
"20031103",0,1,0,0,0,0
"20031104",0,0,0,0,0,0
"20031105",0,0,0,0,0,0
"20031106",0,0,0,0,0,0
"20031107",0,0,0,0,0,0
"20031108",1,0,0,0,0,0
"20031109",1,0,0,0,0,0
"20031110",1,0,0,0,0,0
"20031111",0,0,0,0,0,0
"20031112",0,0,0,0,0,0
"20031113",0,0,0,0,0,0
"20031114",0,0,0,0,0,0
"20031115",1,0,0,0,0,0
"20031116",1,0,1,0,0,0
"20031117",1,0,1,0,0,0
"20031118",0,0,0,0,0,0
"20031119",1,0,0,0,0,0
"20031120",1,0,0,0,0,0
"20031121",1,0,0,0,0,0
"20031122",0,0,0,0,0,0
"20031123",0,0,0,0,0,0
"20031124",0,0,0,0,0,0
"20031125",0,0,0,0,0,0
"20031126",0,0,1,0,0,0
"20031127",0,0,1,0,0,0
"20031128",0,0,1,0,0,0
"20031129",0,0,0,0,0,0
"20031130",0,0,0,0,0,0
"20031201",0,0,0,0,0,0
"20031202",0,0,0,0,0,0
"20031203",0,0,0,0,0,0
"20031204",0,0,0,0,0,0
"20031205",0,0,0,0,0,0
"20031206",1,0,0,0,0,0
"20031207",0,0,0,0,0,0
"20031208",0,0,0,0,0,0
"20031209",0,0,0,0,0,0
"20031210",0,0,0,0,0,0
"20031211",1,0,0,0,0,0
"20031212",0,0,0,0,0,0
"20031213",0,0,0,0,0,0
"20031214",0,0,0,0,0,0
"20031215",0,0,0,0,0,0
"20031216",0,0,0,0,0,0
"20031217",0,0,0,0,0,0
"20031218",0,0,0,0,0,0
"20031219",0,0,0,0,0,0
"20031220",0,0,0,0,0,0
"20031221",0,0,0,0,0,0
"20031222",0,0,0,0,0,0
"20031223",0,0,0,0,0,0
"20031224",0,0,0,0,0,0
"20031225",1,0,0,0,0,0
"20031226",1,0,0,0,0,0
"20031227",0,0,0,0,0,0
"20031228",0,0,0,0,0,0
"20031229",0,0,0,0,0,0
"20031230",1,0,0,0,0,0
"20031231",1,0,0,0,0,0
"20040101",0,0,0,0,0,0
"20040102",0,0,0,0,0,0
"20040103",0,0,0,0,0,0
"20040104",0,0,0,0,0,0
"20040105",0,0,0,0,0,0
"20040106",0,0,0,0,0,0
"20040107",0,0,0,0,0,0
"20040108",0,0,0,0,0,0
"20040109",0,0,0,0,0,0
"20040110",1,0,0,0,0,0
"20040111",1,0,0,0,0,0
"20040112",0,0,0,0,0,0
"20040113",0,0,0,0,0,0
"20040114",0,0,0,0,0,0
"20040115",1,0,0,0,0,0
"20040116",1,0,0,0,0,0
"20040117",0,0,0,0,0,0
"20040118",0,0,0,0,0,0
"20040119",1,0,0,0,0,0
"20040120",0,0,0,0,0,0
"20040121",0,0,0,0,0,0
"20040122",0,0,0,0,0,0
"20040123",0,0,0,0,0,0
"20040124",0,0,0,0,0,0
"20040125",0,0,0,0,0,0
"20040126",0,0,0,0,0,0
"20040127",0,0,0,0,0,0
"20040128",0,0,0,0,0,0
"20040129",1,0,0,0,0,0
"20040130",0,0,0,0,0,0
"20040131",0,0,0,0,0,0
"20040201",1,0,0,0,0,0
"20040202",1,0,0,0,0,0
"20040203",1,0,0,0,0,0
"20040204",0,0,0,0,0,0
"20040205",0,0,0,0,0,0
"20040206",0,0,0,0,0,0
"20040207",0,0,0,0,0,0
"20040208",0,0,1,0,0,0
"20040209",0,0,1,0,0,0
"20040210",0,0,0,0,0,0
"20040211",0,0,0,0,0,0
"20040212",0,0,0,0,0,0
"20040213",0,0,0,0,0,0
"20040214",0,0,0,0,0,0
"20040215",0,0,0,0,0,0
"20040216",0,0,0,0,0,0
"20040217",0,0,0,0,0,0
"20040218",0,0,0,0,0,0
"20040219",0,0,0,0,0,0
"20040220",0,0,0,0,0,0
"20040221",0,0,0,0,0,0
"20040222",1,0,0,0,0,0
"20040223",0,0,0,0,0,0
"20040224",1,0,0,0,0,0
"20040225",1,0,0,0,0,0
"20040226",0,0,0,0,0,0
"20040227",0,0,0,0,0,0
"20040228",0,0,0,0,0,0
"20040229",0,0,0,0,0,0
"20040301",1,0,0,0,0,0
"20040302",1,0,0,0,0,0
"20040303",1,0,0,0,0,0
"20040304",0,0,0,0,0,0
"20040305",0,0,0,0,0,0
"20040306",0,0,0,0,0,0
"20040307",0,0,0,0,0,0
"20040308",0,0,0,0,0,0
"20040309",0,0,0,0,0,0
"20040310",0,0,0,0,0,0
"20040311",1,0,0,0,0,0
"20040312",1,0,0,0,0,0
"20040313",0,0,0,0,0,0
"20040314",1,0,0,0,0,0
"20040315",0,0,0,0,0,0
"20040316",0,0,0,0,0,0
"20040317",1,0,0,0,0,0
"20040318",1,0,0,0,0,0
"20040319",1,0,0,0,0,0
"20040320",0,0,0,0,0,0
"20040321",1,0,0,0,0,0
"20040322",0,0,0,0,0,0
"20040323",1,0,0,0,0,0
"20040324",1,0,0,0,0,0
"20040325",1,0,0,0,0,0
"20040326",1,0,0,0,0,0
"20040327",1,0,0,0,0,0
"20040328",1,0,0,0,0,0
"20040329",1,0,0,0,0,0
"20040330",1,0,0,0,0,0
"20040331",0,0,0,0,0,0
"20040401",1,0,0,0,0,0
"20040402",1,0,0,0,0,0
"20040403",1,0,0,0,0,0
"20040404",0,0,0,0,0,0
"20040405",0,0,0,0,0,0
"20040406",0,0,0,0,0,0
"20040407",1,0,0,0,0,0
"20040408",1,0,0,0,0,0
"20040409",0,0,0,0,0,0
"20040410",0,0,0,0,0,0
"20040411",0,0,0,0,0,0
"20040412",0,0,0,0,0,0
"20040413",1,0,0,0,0,0
"20040414",0,0,0,0,0,0
"20040415",1,0,0,0,0,0
"20040416",0,0,0,0,0,0
"20040417",0,0,0,0,0,0
"20040418",0,0,0,0,0,0
"20040419",0,0,0,0,0,0
"20040420",0,0,0,0,0,0
"20040421",0,0,0,0,0,0
"20040422",1,0,0,0,0,0
"20040423",1,0,1,0,0,0
"20040424",1,0,1,0,0,0
"20040425",0,0,0,0,0,0
"20040426",1,0,0,0,0,0
"20040427",1,0,0,0,0,0
"20040428",0,0,0,0,0,0
"20040429",0,0,0,0,0,0
"20040430",0,0,0,0,0,0
"20040501",1,0,0,0,0,0
"20040502",0,0,0,0,0,0
"20040503",0,0,0,0,0,0
"20040504",1,0,0,0,0,0
"20040505",1,0,0,0,0,0
"20040506",1,0,0,0,0,0
"20040507",0,0,0,0,0,0
"20040508",1,0,0,0,0,0
"20040509",1,0,0,0,0,0
"20040510",0,0,0,0,0,0
"20040511",0,0,0,0,0,0
"20040512",0,0,0,0,0,0
"20040513",1,0,0,0,0,0
"20040514",1,0,0,0,0,0
"20040515",0,0,0,0,0,0
"20040516",1,0,0,0,0,0
"20040517",1,0,0,0,0,0
"20040518",0,0,0,0,0,0
"20040519",0,0,0,0,0,0
"20040520",1,0,0,0,0,0
"20040521",1,0,0,0,0,0
"20040522",1,0,0,0,0,0
"20040523",1,0,0,0,0,0
"20040524",1,0,0,0,0,0
"20040525",1,0,0,0,0,0
"20040526",1,0,0,0,0,0
"20040527",1,0,0,0,0,0
"20040528",0,0,0,0,0,0
"20040529",0,0,0,0,0,0
"20040530",0,0,0,0,0,0
"20040531",1,0,0,0,0,0
"20040601",1,0,0,0,0,0
"20040602",1,0,0,0,0,0
"20040603",1,0,0,0,0,0
"20040604",1,0,0,0,0,0
"20040605",0,0,0,0,0,0
"20040606",1,0,0,0,0,0
"20040607",1,1,0,0,0,0
"20040608",0,1,0,0,0,0
"20040609",0,1,0,0,0,0
"20040610",0,0,0,0,0,0
"20040611",1,0,0,0,0,0
"20040612",1,0,0,0,0,0
"20040613",0,0,0,0,0,0
"20040614",0,0,0,0,0,0
"20040615",0,0,0,0,0,0
"20040616",0,0,0,0,0,0
"20040617",1,0,0,0,0,0
"20040618",0,0,0,0,0,0
"20040619",0,0,0,0,0,0
"20040620",0,0,0,0,0,0
"20040621",1,0,0,0,0,0
"20040622",1,0,0,0,0,0
"20040623",0,0,1,1,0,0
"20040624",0,0,1,0,0,0
"20040625",0,0,0,0,0,0
"20040626",0,0,0,0,0,0
"20040627",0,0,0,0,0,0
"20040628",0,1,0,0,0,0
"20040629",0,1,0,0,0,0
"20040630",0,1,0,0,0,0
"20040701",0,1,0,0,0,0
"20040702",0,1,1,0,0,0
"20040703",0,1,1,0,0,0
"20040704",0,0,0,0,0,0
"20040705",0,0,0,0,0,0
"20040706",0,0,0,0,0,0
"20040707",0,0,0,0,0,0
"20040708",1,0,0,0,0,0
"20040709",1,0,0,0,0,0
"20040710",0,0,0,0,0,0
"20040711",0,0,0,0,0,0
"20040712",0,0,0,0,0,0
"20040713",0,0,0,0,0,0
"20040714",0,1,0,0,0,0
"20040715",0,1,0,0,0,0
"20040716",0,0,1,0,0,0
"20040717",0,0,0,0,0,0
"20040718",0,0,0,0,0,0
"20040719",0,0,0,0,0,0
"20040720",0,0,0,0,0,0
"20040721",0,0,0,0,0,0
"20040722",0,0,0,0,0,0
"20040723",0,0,0,0,0,0
"20040724",0,0,0,0,0,0
"20040725",0,0,0,0,0,0
"20040726",0,0,0,0,0,0
"20040727",0,0,0,0,0,0
"20040728",0,0,0,0,0,0
"20040729",0,0,0,0,0,0
"20040730",0,0,0,0,0,0
"20040731",0,0,0,0,0,0
"20040801",0,0,0,0,0,0
"20040802",0,0,1,0,0,0
"20040803",0,0,0,0,0,0
"20040804",0,0,0,0,0,0
"20040805",0,0,0,0,0,0
"20040806",0,0,0,0,0,0
"20040807",0,0,0,0,0,0
"20040808",0,0,0,0,0,0
"20040809",0,0,0,0,0,0
"20040810",0,1,0,0,0,0
"20040811",0,1,0,0,0,0
"20040812",0,1,1,1,0,0
"20040813",0,1,1,1,0,0
"20040814",0,0,1,0,0,0
"20040815",0,0,0,0,0,0
"20040816",0,0,0,0,0,0
"20040817",0,0,1,0,0,0
"20040818",0,0,0,0,0,0
"20040819",0,0,0,0,0,0
"20040820",0,0,1,0,0,0
"20040821",0,0,1,0,0,0
"20040822",0,0,0,0,0,0
"20040823",0,1,0,0,0,0
"20040824",0,1,1,1,1,1
"20040825",0,1,1,1,1,1
"20040826",0,1,1,1,0,0
"20040827",0,0,0,0,0,0
"20040828",0,0,0,0,0,0
"20040829",0,0,0,0,0,0
"20040830",0,0,0,0,0,0
"20040831",0,0,0,0,0,0
"20040901",0,0,0,0,0,0
"20040902",0,0,0,0,0,0
"20040903",0,0,0,0,0,0
"20040904",0,0,0,0,0,0
"20040905",0,0,0,0,0,0
"20040906",0,0,0,0,0,0
"20040907",0,0,0,0,0,0
"20040908",0,0,0,0,0,0
"20040909",0,0,1,0,0,0
"20040910",0,0,1,1,0,0
"20040911",0,1,1,1,1,1
"20040912",0,1,1,1,1,1
"20040913",0,1,1,1,0,0
"20040914",0,0,0,0,0,0
"20040915",0,0,0,0,0,0
"20040916",0,0,0,0,0,0
"20040917",0,0,0,0,0,0
"20040918",0,0,0,0,0,0
"20040919",0,0,0,0,0,0
"20040920",0,0,0,0,0,0
"20040921",1,0,0,0,0,0
"20040922",1,0,0,0,0,0
"20040923",1,0,1,1,0,0
"20040924",0,0,1,1,0,0
"20040925",0,0,0,0,0,0
"20040926",0,1,1,0,0,0
"20040927",0,1,1,0,0,0
"20040928",0,0,0,0,0,0
"20040929",0,0,0,0,0,0
"20040930",0,0,0,0,0,0
"20041001",0,0,0,0,0,0
"20041002",0,0,1,0,0,0
"20041003",0,0,1,0,0,0
"20041004",0,0,0,0,0,0
"20041005",0,0,0,0,0,0
"20041006",0,0,0,0,0,0
"20041007",0,0,0,0,0,0
"20041008",0,0,0,0,0,0
"20041009",0,0,0,0,0,0
"20041010",0,0,0,0,0,0
"20041011",0,0,0,0,0,0
"20041012",0,0,0,0,0,0
"20041013",0,0,0,0,0,0
"20041014",0,0,0,0,0,0
"20041015",0,0,0,0,0,0
"20041016",0,0,0,0,0,0
"20041017",0,0,0,0,0,0
"20041018",0,0,1,0,0,0
"20041019",0,0,1,1,0,0
"20041020",0,0,1,0,0,0
"20041021",0,0,0,0,0,0
"20041022",0,0,0,0,0,0
"20041023",0,1,0,0,0,0
"20041024",1,1,1,0,0,0
"20041025",1,1,1,1,0,0
"20041026",0,1,1,1,0,0
"20041027",0,0,0,0,0,0
"20041028",0,0,0,0,0,0
"20041029",0,0,0,0,0,0
"20041030",0,0,0,0,0,0
"20041031",0,0,0,0,0,0
"20041101",0,0,0,0,0,0
"20041102",0,0,0,0,0,0
"20041103",0,0,0,0,0,0
"20041104",0,0,0,0,0,0
"20041105",0,0,0,0,0,0
"20041106",0,0,0,0,0,0
"20041107",0,0,0,0,0,0
"20041108",0,0,0,0,0,0
"20041109",0,0,0,0,0,0
"20041110",0,0,0,0,0,0
"20041111",0,0,0,0,0,0
"20041112",0,0,0,0,0,0
"20041113",0,0,0,0,0,0
"20041114",1,0,0,0,0,0
"20041115",1,0,0,0,0,0
"20041116",0,0,0,0,0,0
"20041117",0,0,0,0,0,0
"20041118",0,0,0,0,0,0
"20041119",0,0,0,0,0,0
"20041120",0,0,0,0,0,0
"20041121",0,0,0,0,0,0
"20041122",0,0,0,0,0,0
"20041123",0,0,0,0,0,0
"20041124",0,0,0,0,0,0
"20041125",0,0,0,0,0,0
"20041126",0,0,0,0,0,0
"20041127",0,0,0,0,0,0
"20041128",0,0,0,0,0,0
"20041129",0,0,0,0,0,0
"20041130",0,0,0,0,0,0
"20041201",0,0,0,0,0,0
"20041202",1,0,0,0,0,0
"20041203",1,1,1,0,0,0
"20041204",0,1,1,1,0,0
"20041205",0,0,1,0,0,0
"20041206",0,0,0,0,0,0
"20041207",0,0,0,0,0,0
"20041208",0,0,0,0,0,0
"20041209",0,0,0,0,0,0
"20041210",0,0,0,0,0,0
"20041211",0,0,0,0,0,0
"20041212",0,0,0,0,0,0
"20041213",0,0,0,0,0,0
"20041214",0,0,0,0,0,0
"20041215",0,0,0,0,0,0
"20041216",0,0,0,0,0,0
"20041217",0,0,0,0,0,0
"20041218",0,0,0,0,0,0
"20041219",0,0,0,0,0,0
"20041220",0,0,0,0,0,0
"20041221",0,0,0,0,0,0
"20041222",0,0,0,0,0,0
"20041223",0,0,0,0,0,0
"20041224",0,0,0,0,0,0
"20041225",0,0,0,0,0,0
"20041226",0,0,0,0,0,0
"20041227",1,0,0,0,0,0
"20041228",1,0,0,0,0,0
"20041229",0,0,0,0,0,0
"20041230",0,0,0,0,0,0
"20041231",0,0,0,0,0,0
"20050101",0,0,0,0,0,0
"20050102",0,0,0,0,0,0
"20050103",1,0,0,0,0,0
"20050104",0,0,0,0,0,0
"20050105",0,0,0,0,0,0
"20050106",0,0,0,0,0,0
"20050107",0,0,0,0,0,0
"20050108",0,0,0,0,0,0
"20050109",0,0,0,0,0,0
"20050110",0,0,0,0,0,0
"20050111",0,0,0,0,0,0
"20050112",1,0,0,0,0,0
"20050113",1,0,0,0,0,0
"20050114",0,0,0,0,0,0
"20050115",0,0,0,0,0,0
"20050116",0,0,0,0,0,0
"20050117",0,0,0,0,0,0
"20050118",0,0,0,0,0,0
"20050119",0,0,0,0,0,0
"20050120",0,0,0,0,0,0
"20050121",1,0,0,0,0,0
"20050122",1,0,0,0,0,0
"20050123",0,0,0,0,0,0
"20050124",0,0,0,0,0,0
"20050125",1,0,0,0,0,0
"20050126",0,0,0,0,0,0
"20050127",1,0,0,0,0,0
"20050128",0,0,0,0,0,0
"20050129",1,0,0,0,0,0
"20050130",0,0,0,0,0,0
"20050131",0,0,0,0,0,0
"20050201",0,0,0,0,0,0
"20050202",0,0,0,0,0,0
"20050203",1,0,0,0,0,0
"20050204",1,0,0,0,0,0
"20050205",0,0,0,0,0,0
"20050206",1,0,0,0,0,0
"20050207",1,0,0,0,0,0
"20050208",1,0,0,0,0,0
"20050209",1,0,0,0,0,0
"20050210",1,0,0,0,0,0
"20050211",1,0,0,0,0,0
"20050212",1,0,0,0,0,0
"20050213",0,0,0,0,0,0
"20050214",0,0,0,0,0,0
"20050215",0,0,0,0,0,0
"20050216",1,0,0,0,0,0
"20050217",1,0,0,0,0,0
"20050218",1,0,0,0,0,0
"20050219",0,0,0,0,0,0
"20050220",0,0,0,0,0,0
"20050221",0,0,0,0,0,0
"20050222",0,0,0,0,0,0
"20050223",0,0,0,0,0,0
"20050224",1,0,0,0,0,0
"20050225",1,0,0,0,0,0
"20050226",1,0,0,0,0,0
"20050227",1,0,0,0,0,0
"20050228",1,0,0,0,0,0
"20050301",1,0,0,0,0,0
"20050302",1,0,0,0,0,0
"20050303",1,0,1,0,0,0
"20050304",0,0,1,0,0,0
"20050305",0,0,0,0,0,0
"20050306",0,0,0,0,0,0
"20050307",0,0,0,0,0,0
"20050308",0,0,0,0,0,0
"20050309",0,0,0,0,0,0
"20050310",1,0,0,0,0,0
"20050311",1,0,0,0,0,0
"20050312",1,0,0,0,0,0
"20050313",0,0,1,0,0,0
"20050314",0,0,0,0,0,0
"20050315",0,0,0,0,0,0
"20050316",0,0,0,0,0,0
"20050317",1,0,0,0,0,0
"20050318",0,0,0,0,0,0
"20050319",0,0,0,0,0,0
"20050320",0,0,0,0,0,0
"20050321",0,0,0,0,0,0
"20050322",1,0,0,0,0,0
"20050323",1,0,0,0,0,0
"20050324",0,0,0,0,0,0
"20050325",0,0,0,0,0,0
"20050326",0,0,0,0,0,0
"20050327",1,0,0,0,0,0
"20050328",1,0,0,0,0,0
"20050329",1,0,0,0,0,0
"20050330",1,0,0,0,0,0
"20050331",1,0,0,0,0,0
"20050401",1,0,0,0,0,0
"20050402",1,0,0,0,0,0
"20050403",0,0,0,0,0,0
"20050404",0,0,0,0,0,0
"20050405",0,0,0,0,0,0
"20050406",0,0,0,0,0,0
"20050407",0,0,0,0,0,0
"20050408",0,0,0,0,0,0
"20050409",0,0,0,0,0,0
"20050410",1,0,0,0,0,0
"20050411",1,0,0,0,0,0
"20050412",1,0,0,0,0,0
"20050413",1,0,0,0,0,0
"20050414",1,0,0,0,0,0
"20050415",0,0,0,0,0,0
"20050416",0,0,0,0,0,0
"20050417",0,0,0,0,0,0
"20050418",0,0,0,0,0,0
"20050419",1,0,0,0,0,0
"20050420",1,0,0,0,0,0
"20050421",0,0,0,0,0,0
"20050422",0,0,0,0,0,0
"20050423",1,0,0,0,0,0
"20050424",1,0,0,0,0,0
"20050425",1,0,0,0,0,0
"20050426",1,0,0,0,0,0
"20050427",0,0,0,0,0,0
"20050428",0,0,0,0,0,0
"20050429",0,0,0,0,0,0
"20050430",0,0,0,0,0,0
"20050501",1,0,0,0,0,0
"20050502",1,0,0,0,0,0
"20050503",1,0,1,0,0,0
"20050504",0,0,0,0,0,0
"20050505",0,0,0,0,0,0
"20050506",1,0,0,0,0,0
"20050507",1,0,0,0,0,0
"20050508",1,0,0,0,0,0
"20050509",1,0,0,0,0,0
"20050510",1,0,1,0,0,0
"20050511",1,0,0,0,0,0
"20050512",1,0,1,0,0,0
"20050513",1,0,1,0,0,0
"20050514",1,0,1,0,0,0
"20050515",1,0,1,1,0,0
"20050516",1,0,1,0,0,0
"20050517",0,0,0,0,0,0
"20050518",1,0,0,0,0,0
"20050519",1,0,0,0,0,0
"20050520",0,0,0,0,0,0
"20050521",0,0,0,0,0,0
"20050522",0,0,0,0,0,0
"20050523",1,0,0,0,0,0
"20050524",1,0,0,0,0,0
"20050525",1,0,0,0,0,0
"20050526",1,0,0,0,0,0
"20050527",1,0,0,0,0,0
"20050528",1,0,0,0,0,0
"20050529",1,0,0,0,0,0
"20050530",1,0,0,0,0,0
"20050531",1,0,0,0,0,0
"20050601",1,0,0,0,0,0
"20050602",1,0,0,0,0,0
"20050603",1,0,1,1,0,0
"20050604",1,0,1,0,0,0
"20050605",0,0,0,0,0,0
"20050606",0,0,0,0,0,0
"20050607",0,0,0,0,0,0
"20050608",0,0,0,0,0,0
"20050609",0,0,0,0,0,0
"20050610",0,0,0,0,0,0
"20050611",1,0,1,0,0,0
"20050612",1,0,1,0,0,0
"20050613",1,0,1,0,0,0
"20050614",1,0,1,0,0,0
"20050615",1,0,0,0,0,0
"20050616",1,0,0,0,0,0
"20050617",1,0,0,0,0,0
"20050618",1,0,0,0,0,0
"20050619",1,0,0,0,0,0
"20050620",0,0,0,0,0,0
"20050621",0,0,0,0,0,0
"20050622",1,0,0,0,0,0
"20050623",1,0,0,0,0,0
"20050624",1,0,0,0,0,0
"20050625",1,0,0,0,0,0
"20050626",0,0,0,0,0,0
"20050627",0,0,0,0,0,0
"20050628",0,0,0,0,0,0
"20050629",0,0,0,0,0,0
"20050630",0,0,0,0,0,0
"20050701",0,0,0,0,0,0
"20050702",0,0,0,0,0,0
"20050703",0,0,0,0,0,0
"20050704",0,0,0,0,0,0
"20050705",0,0,0,0,0,0
"20050706",0,0,0,0,0,0
"20050707",0,0,0,0,0,0
"20050708",0,0,0,0,0,0
"20050709",0,0,0,0,0,0
"20050710",0,0,0,0,0,0
"20050711",0,0,0,0,0,0
"20050712",0,0,0,0,0,0
"20050713",0,0,0,0,0,0
"20050714",0,0,0,0,0,0
"20050715",0,0,0,0,0,0
"20050716",0,1,0,0,0,0
"20050717",0,1,1,0,0,0
"20050718",0,1,1,1,1,0
"20050719",0,1,1,1,0,0
"20050720",0,1,0,0,0,0
"20050721",0,0,0,0,0,0
"20050722",0,0,0,0,0,0
"20050723",0,0,0,0,0,0
"20050724",0,0,0,0,0,0
"20050725",0,0,0,0,0,0
"20050726",0,0,0,0,0,0
"20050727",0,0,0,0,0,0
"20050728",0,0,0,0,0,0
"20050729",0,0,0,0,0,0
"20050730",0,0,0,0,0,0
"20050731",0,0,0,0,0,0
"20050801",0,0,0,0,0,0
"20050802",0,0,0,0,0,0
"20050803",0,1,0,0,0,0
"20050804",0,1,1,1,0,0
"20050805",0,1,1,1,1,0
"20050806",0,1,1,1,0,0
"20050807",0,0,0,0,0,0
"20050808",0,0,0,0,0,0
"20050809",0,0,0,0,0,0
"20050810",0,0,0,0,0,0
"20050811",0,1,0,0,0,0
"20050812",0,1,0,0,0,0
"20050813",0,1,0,0,0,0
"20050814",0,0,0,0,0,0
"20050815",0,0,0,0,0,0
"20050816",0,0,0,0,0,0
"20050817",0,0,0,0,0,0
"20050818",0,0,1,0,0,0
"20050819",0,0,0,0,0,0
"20050820",0,0,1,1,0,0
"20050821",0,0,1,0,0,0
"20050822",0,0,0,0,0,0
"20050823",0,0,0,0,0,0
"20050824",0,0,0,0,0,0
"20050825",0,0,0,0,0,0
"20050826",0,0,0,0,0,0
"20050827",0,0,0,0,0,0
"20050828",0,0,0,0,0,0
"20050829",0,0,0,0,0,0
"20050830",0,1,0,0,0,0
"20050831",0,1,1,0,0,0
"20050901",0,1,1,1,1,0
"20050902",0,0,1,0,0,0
"20050903",0,0,0,0,0,0
"20050904",0,0,0,0,0,0
"20050905",0,0,0,0,0,0
"20050906",0,0,0,0,0,0
"20050907",0,0,0,0,0,0
"20050908",0,0,0,0,0,0
"20050909",0,1,0,0,0,0
"20050910",0,1,0,0,0,0
"20050911",0,1,1,0,0,0
"20050912",0,0,1,0,0,0
"20050913",0,0,0,0,0,0
"20050914",0,0,0,0,0,0
"20050915",0,0,0,0,0,0
"20050916",0,0,0,0,0,0
"20050917",0,0,0,0,0,0
"20050918",0,0,0,0,0,0
"20050919",0,0,0,0,0,0
"20050920",0,0,0,0,0,0
"20050921",0,1,0,0,0,0
"20050922",0,1,1,0,0,0
"20050923",0,1,1,0,0,0
"20050924",0,0,1,0,0,0
"20050925",0,0,0,0,0,0
"20050926",0,0,0,0,0,0
"20050927",0,0,0,0,0,0
"20050928",0,0,0,0,0,0
"20050929",0,0,0,0,0,0
"20050930",0,1,0,0,0,0
"20051001",0,1,0,0,0,0
"20051002",0,1,1,0,0,0
"20051003",0,1,1,0,0,0
"20051004",0,0,0,0,0,0
"20051005",0,0,0,0,0,0
"20051006",0,0,0,0,0,0
"20051007",1,0,0,0,0,0
"20051008",1,0,1,1,0,0
"20051009",0,0,1,1,0,0
"20051010",0,0,0,0,0,0
"20051011",0,0,0,0,0,0
"20051012",0,0,0,0,0,0
"20051013",0,0,1,0,0,0
"20051014",0,0,1,0,0,0
"20051015",0,0,0,0,0,0
"20051016",0,0,0,0,0,0
"20051017",0,0,0,0,0,0
"20051018",0,0,0,0,0,0
"20051019",0,0,0,0,0,0
"20051020",0,0,0,0,0,0
"20051021",0,0,0,0,0,0
"20051022",0,0,0,0,0,0
"20051023",0,0,0,0,0,0
"20051024",0,0,0,0,0,0
"20051025",0,0,0,0,0,0
"20051026",0,0,0,0,0,0
"20051027",0,0,0,0,0,0
"20051028",0,0,0,0,0,0
"20051029",1,0,0,0,0,0
"20051030",0,0,0,0,0,0
"20051031",0,0,0,0,0,0
"20051101",0,0,0,0,0,0
"20051102",0,0,0,0,0,0
"20051103",0,0,0,0,0,0
"20051104",0,0,0,0,0,0
"20051105",0,0,0,0,0,0
"20051106",1,0,0,0,0,0
"20051107",1,0,0,0,0,0
"20051108",0,0,0,0,0,0
"20051109",0,0,0,0,0,0
"20051110",0,0,0,0,0,0
"20051111",1,0,0,0,0,0
"20051112",1,0,0,0,0,0
"20051113",1,0,0,0,0,0
"20051114",1,0,0,0,0,0
"20051115",0,0,0,0,0,0
"20051116",0,0,0,0,0,0
"20051117",0,0,0,0,0,0
"20051118",0,0,0,0,0,0
"20051119",0,0,0,0,0,0
"20051120",0,0,0,0,0,0
"20051121",0,0,0,0,0,0
"20051122",0,0,0,0,0,0
"20051123",0,0,0,0,0,0
"20051124",0,0,0,0,0,0
"20051125",0,0,0,0,0,0
"20051126",0,0,0,0,0,0
"20051127",0,0,0,0,0,0
"20051128",0,0,0,0,0,0
"20051129",0,0,0,0,0,0
"20051130",0,0,0,0,0,0
"20051201",0,0,0,0,0,0
"20051202",1,0,0,0,0,0
"20051203",1,0,0,0,0,0
"20051204",1,0,0,0,0,0
"20051205",0,0,0,0,0,0
"20051206",0,0,0,0,0,0
"20051207",0,0,0,0,0,0
"20051208",0,0,0,0,0,0
"20051209",1,0,0,0,0,0
"20051210",1,0,0,0,0,0
"20051211",1,0,0,0,0,0
"20051212",0,0,0,0,0,0
"20051213",0,0,0,0,0,0
"20051214",0,0,0,0,0,0
"20051215",0,0,0,0,0,0
"20051216",0,0,0,0,0,0
"20051217",0,0,0,0,0,0
"20051218",0,0,0,0,0,0
"20051219",1,0,0,0,0,0
"20051220",1,0,0,0,0,0
"20051221",0,0,0,0,0,0
"20051222",0,0,0,0,0,0
"20051223",0,0,0,0,0,0
"20051224",0,0,0,0,0,0
"20051225",1,0,0,0,0,0
"20051226",1,0,0,0,0,0
"20051227",0,0,0,0,0,0
"20051228",0,0,0,0,0,0
"20051229",1,0,0,0,0,0
"20051230",1,0,0,0,0,0
"20051231",1,0,0,0,0,0
"20060101",0,0,0,0,0,0
"20060102",0,0,0,0,0,0
"20060103",0,0,0,0,0,0
"20060104",1,0,0,0,0,0
"20060105",1,0,0,0,0,0
"20060106",0,0,0,0,0,0
"20060107",0,0,0,0,0,0
"20060108",0,0,0,0,0,0
"20060109",0,0,0,0,0,0
"20060110",0,0,0,0,0,0
"20060111",0,0,0,0,0,0
"20060112",1,0,0,0,0,0
"20060113",1,0,0,0,0,0
"20060114",0,0,0,0,0,0
"20060115",1,0,0,0,0,0
"20060116",1,0,0,0,0,0
"20060117",1,0,0,0,0,0
"20060118",0,0,0,0,0,0
"20060119",1,0,0,0,0,0
"20060120",1,0,0,0,0,0
"20060121",0,0,0,0,0,0
"20060122",0,0,0,0,0,0
"20060123",0,0,0,0,0,0
"20060124",0,0,0,0,0,0
"20060125",0,0,0,0,0,0
"20060126",0,0,0,0,0,0
"20060127",0,0,0,0,0,0
"20060128",0,0,0,0,0,0
"20060129",1,0,0,0,0,0
"20060130",1,0,0,0,0,0
"20060131",1,0,0,0,0,0
"20060201",0,0,0,0,0,0
"20060202",0,0,0,0,0,0
"20060203",0,0,0,0,0,0
"20060204",0,0,0,0,0,0
"20060205",0,0,0,0,0,0
"20060206",1,0,0,0,0,0
"20060207",0,0,0,0,0,0
"20060208",0,0,0,0,0,0
"20060209",0,0,0,0,0,0
"20060210",0,0,0,0,0,0
"20060211",0,0,0,0,0,0
"20060212",0,0,0,0,0,0
"20060213",0,0,0,0,0,0
"20060214",0,0,0,0,0,0
"20060215",1,0,0,0,0,0
"20060216",1,0,0,0,0,0
"20060217",0,0,0,0,0,0
"20060218",1,0,0,0,0,0
"20060219",1,0,0,0,0,0
"20060220",0,0,0,0,0,0
"20060221",0,0,0,0,0,0
"20060222",1,0,0,0,0,0
"20060223",1,0,0,0,0,0
"20060224",1,0,0,0,0,0
"20060225",1,0,0,0,0,0
"20060226",1,0,0,0,0,0
"20060227",0,0,0,0,0,0
"20060228",1,0,0,0,0,0
"20060301",0,0,0,0,0,0
"20060302",0,0,0,0,0,0
"20060303",0,0,0,0,0,0
"20060304",1,0,0,0,0,0
"20060305",1,0,0,0,0,0
"20060306",1,0,0,0,0,0
"20060307",0,0,0,0,0,0
"20060308",0,0,0,0,0,0
"20060309",1,0,0,0,0,0
"20060310",0,0,0,0,0,0
"20060311",0,0,0,0,0,0
"20060312",1,0,0,0,0,0
"20060313",0,0,0,0,0,0
"20060314",0,0,0,0,0,0
"20060315",1,0,0,0,0,0
"20060316",1,0,0,0,0,0
"20060317",0,0,0,0,0,0
"20060318",1,0,0,0,0,0
"20060319",0,0,0,0,0,0
"20060320",1,0,0,0,0,0
"20060321",1,0,0,0,0,0
"20060322",1,0,0,0,0,0
"20060323",1,0,0,0,0,0
"20060324",1,0,0,0,0,0
"20060325",1,0,0,0,0,0
"20060326",1,0,0,0,0,0
"20060327",1,0,0,0,0,0
"20060328",0,0,0,0,0,0
"20060329",0,0,0,0,0,0
"20060330",0,0,0,0,0,0
"20060331",0,0,0,0,0,0
"20060401",0,0,0,0,0,0
"20060402",1,0,0,0,0,0
"20060403",0,0,0,0,0,0
"20060404",0,0,0,0,0,0
"20060405",1,0,0,0,0,0
"20060406",1,0,0,0,0,0
"20060407",0,0,0,0,0,0
"20060408",0,0,0,0,0,0
"20060409",0,0,0,0,0,0
"20060410",1,0,0,0,0,0
"20060411",0,0,0,0,0,0
"20060412",1,0,0,0,0,0
"20060413",1,0,0,0,0,0
"20060414",1,0,0,0,0,0
"20060415",1,0,0,0,0,0
"20060416",1,0,0,0,0,0
"20060417",0,0,0,0,0,0
"20060418",1,0,0,0,0,0
"20060419",1,0,0,0,0,0
"20060420",0,0,0,0,0,0
"20060421",0,0,0,0,0,0
"20060422",1,0,0,0,0,0
"20060423",1,0,0,0,0,0
"20060424",1,0,0,0,0,0
"20060425",0,0,0,0,0,0
"20060426",1,0,1,0,0,0
"20060427",1,0,1,0,0,0
"20060428",1,0,0,0,0,0
"20060429",1,0,0,0,0,0
"20060430",1,0,0,0,0,0
"20060501",1,0,0,0,0,0
"20060502",1,0,0,0,0,0
"20060503",1,0,0,0,0,0
"20060504",1,0,0,0,0,0
"20060505",0,0,0,0,0,0
"20060506",1,0,0,0,0,0
"20060507",1,0,0,0,0,0
"20060508",0,0,0,0,0,0
"20060509",0,0,0,0,0,0
"20060510",1,0,0,0,0,0
"20060511",1,0,0,0,0,0
"20060512",0,0,0,0,0,0
"20060513",1,0,0,0,0,0
"20060514",1,0,0,0,0,0
"20060515",1,0,0,0,0,0
"20060516",1,1,0,0,0,0
"20060517",0,1,1,0,0,0
"20060518",0,1,1,0,0,0
"20060519",1,0,0,0,0,0
"20060520",0,0,0,0,0,0
"20060521",0,0,0,0,0,0
"20060522",1,0,0,0,0,0
"20060523",1,0,0,0,0,0
"20060524",1,0,0,0,0,0
"20060525",1,0,0,0,0,0
"20060526",1,0,0,0,0,0
"20060527",1,0,0,0,0,0
"20060528",1,0,0,0,0,0
"20060529",1,0,0,0,0,0
"20060530",1,0,1,1,0,0
"20060531",1,0,1,0,0,0
"20060601",1,0,0,0,0,0
"20060602",1,0,0,0,0,0
"20060603",1,0,0,0,0,0
"20060604",1,0,0,0,0,0
"20060605",1,0,0,0,0,0
"20060606",1,0,0,0,0,0
"20060607",1,0,1,0,0,0
"20060608",1,0,1,0,0,0
"20060609",1,0,1,1,0,0
"20060610",1,0,1,1,0,0
"20060611",1,0,1,1,0,0
"20060612",1,0,0,0,0,0
"20060613",1,0,0,0,0,0
"20060614",0,0,0,0,0,0
"20060615",1,0,0,0,0,0
"20060616",1,0,0,0,0,0
"20060617",0,0,0,0,0,0
"20060618",0,0,0,0,0,0
"20060619",0,0,0,0,0,0
"20060620",0,0,0,0,0,0
"20060621",0,0,0,0,0,0
"20060622",0,0,0,0,0,0
"20060623",0,0,0,0,0,0
"20060624",0,0,0,0,0,0
"20060625",0,0,0,0,0,0
"20060626",0,0,0,0,0,0
"20060627",0,0,0,0,0,0
"20060628",0,0,0,0,0,0
"20060629",0,0,0,0,0,0
"20060630",0,0,0,0,0,0
"20060701",0,0,0,0,0,0
"20060702",0,0,0,0,0,0
"20060703",0,0,0,0,0,0
"20060704",0,0,0,0,0,0
"20060705",0,0,0,0,0,0
"20060706",0,0,0,0,0,0
"20060707",0,1,0,0,0,0
"20060708",0,1,0,0,0,0
"20060709",0,1,0,0,0,0
"20060710",0,0,1,0,0,0
"20060711",0,0,0,0,0,0
"20060712",0,1,0,0,0,0
"20060713",0,1,1,1,0,0
"20060714",0,1,1,1,0,0
"20060715",0,1,0,0,0,0
"20060716",0,0,0,0,0,0
"20060717",0,0,0,0,0,0
"20060718",0,0,0,0,0,0
"20060719",0,0,0,0,0,0
"20060720",0,0,0,0,0,0
"20060721",0,0,0,0,0,0
"20060722",0,0,0,0,0,0
"20060723",0,1,0,0,0,0
"20060724",0,1,0,0,0,0
"20060725",0,1,0,0,0,0
"20060726",0,1,0,0,0,0
"20060727",0,0,0,0,0,0
"20060728",0,0,0,0,0,0
"20060729",0,0,0,0,0,0
"20060730",0,0,0,0,0,0
"20060731",0,0,0,0,0,0
"20060801",0,0,0,0,0,0
"20060802",0,0,0,0,0,0
"20060803",0,0,0,0,0,0
"20060804",0,0,0,0,0,0
"20060805",0,0,0,0,0,0
"20060806",0,0,0,0,0,0
"20060807",0,1,0,0,0,0
"20060808",0,1,0,0,0,0
"20060809",0,1,0,0,0,0
"20060810",0,1,0,0,0,0
"20060811",0,0,0,0,0,0
"20060812",0,0,0,0,0,0
"20060813",0,0,0,0,0,0
"20060814",0,0,0,0,0,0
"20060815",0,0,0,0,0,0
"20060816",0,0,0,0,0,0
"20060817",0,0,0,0,0,0
"20060818",0,0,1,0,0,0
"20060819",0,0,0,0,0,0
"20060820",0,0,0,0,0,0
"20060821",0,0,0,0,0,0
"20060822",0,0,0,0,0,0
"20060823",0,0,0,0,0,0
"20060824",0,0,0,0,0,0
"20060825",0,0,0,0,0,0
"20060826",0,0,0,0,0,0
"20060827",0,0,0,0,0,0
"20060828",0,0,0,0,0,0
"20060829",0,0,0,0,0,0
"20060830",0,0,0,0,0,0
"20060831",0,0,0,0,0,0
"20060901",0,0,0,0,0,0
"20060902",0,0,0,0,0,0
"20060903",0,0,1,0,0,0
"20060904",0,0,1,0,0,0
"20060905",1,0,1,0,0,0
"20060906",1,0,0,0,0,0
"20060907",1,0,0,0,0,0
"20060908",0,0,1,0,0,0
"20060909",0,0,1,0,0,0
"20060910",0,0,1,1,1,1
"20060911",1,0,1,1,1,1
"20060912",0,0,0,0,0,0
"20060913",0,0,1,0,0,0
"20060914",0,1,1,0,0,0
"20060915",0,1,0,0,0,0
"20060916",0,1,1,0,0,0
"20060917",0,0,1,0,0,0
"20060918",0,0,0,0,0,0
"20060919",0,0,0,0,0,0
"20060920",0,0,0,0,0,0
"20060921",0,0,0,0,0,0
"20060922",0,0,0,0,0,0
"20060923",0,0,1,0,0,0
"20060924",0,0,1,0,0,0
"20060925",0,0,0,0,0,0
"20060926",0,0,0,0,0,0
"20060927",0,0,0,0,0,0
"20060928",0,0,0,0,0,0
"20060929",0,0,0,0,0,0
"20060930",0,0,0,0,0,0
"20061001",0,0,0,0,0,0
"20061002",0,0,0,0,0,0
"20061003",0,0,0,0,0,0
"20061004",0,0,0,0,0,0
"20061005",0,0,0,0,0,0
"20061006",0,0,0,0,0,0
"20061007",0,0,0,0,0,0
"20061008",0,0,0,0,0,0
"20061009",0,0,0,0,0,0
"20061010",0,0,0,0,0,0
"20061011",0,0,0,0,0,0
"20061012",0,0,0,0,0,0
"20061013",0,0,0,0,0,0
"20061014",0,0,0,0,0,0
"20061015",0,0,0,0,0,0
"20061016",0,0,0,0,0,0
"20061017",0,0,0,0,0,0
"20061018",0,0,0,0,0,0
"20061019",0,0,0,0,0,0
"20061020",0,0,0,0,0,0
"20061021",0,0,0,0,0,0
"20061022",1,0,0,0,0,0
"20061023",1,0,0,0,0,0
"20061024",0,0,0,0,0,0
"20061025",0,0,0,0,0,0
"20061026",0,0,0,0,0,0
"20061027",0,0,0,0,0,0
"20061028",0,0,0,0,0,0
"20061029",0,0,0,0,0,0
"20061030",0,0,0,0,0,0
"20061031",0,0,0,0,0,0
"20061101",1,0,0,0,0,0
"20061102",0,0,0,0,0,0
"20061103",0,0,0,0,0,0
"20061104",0,0,0,0,0,0
"20061105",0,0,0,0,0,0
"20061106",0,0,0,0,0,0
"20061107",0,0,0,0,0,0
"20061108",0,0,0,0,0,0
"20061109",0,0,0,0,0,0
"20061110",0,0,0,0,0,0
"20061111",0,0,0,0,0,0
"20061112",0,0,0,0,0,0
"20061113",0,0,0,0,0,0
"20061114",0,0,0,0,0,0
"20061115",0,0,0,0,0,0
"20061116",0,0,0,0,0,0
"20061117",0,0,0,0,0,0
"20061118",1,0,0,0,0,0
"20061119",1,0,0,0,0,0
"20061120",1,0,0,0,0,0
"20061121",1,0,0,0,0,0
"20061122",1,0,0,0,0,0
"20061123",0,0,0,0,0,0
"20061124",0,0,0,0,0,0
"20061125",0,0,0,0,0,0
"20061126",1,0,0,0,0,0
"20061127",1,0,0,0,0,0
"20061128",0,0,0,0,0,0
"20061129",0,0,0,0,0,0
"20061130",0,0,0,0,0,0
"20061201",0,0,0,0,0,0
"20061202",0,0,0,0,0,0
"20061203",0,0,0,0,0,0
"20061204",0,0,0,0,0,0
"20061205",0,0,0,0,0,0
"20061206",0,0,0,0,0,0
"20061207",0,0,0,0,0,0
"20061208",0,0,0,0,0,0
"20061209",0,0,0,0,0,0
"20061210",0,0,0,0,0,0
"20061211",0,0,0,0,0,0
"20061212",0,0,0,0,0,0
"20061213",1,0,0,0,0,0
"20061214",1,0,0,0,0,0
"20061215",0,0,1,0,0,0
"20061216",0,0,0,0,0,0
"20061217",0,0,0,0,0,0
"20061218",0,0,0,0,0,0
"20061219",0,0,1,0,0,0
"20061220",0,0,1,0,0,0
"20061221",0,0,1,0,0,0
"20061222",0,0,0,0,0,0
"20061223",0,0,0,0,0,0
"20061224",0,0,0,0,0,0
"20061225",0,0,0,0,0,0
"20061226",0,0,0,0,0,0
"20061227",0,0,0,0,0,0
"20061228",0,0,0,0,0,0
"20061229",0,0,0,0,0,0
"20061230",0,0,0,0,0,0
"20061231",0,0,0,0,0,0
"20070101",0,0,0,0,0,0
"20070102",0,0,0,0,0,0
"20070103",1,0,0,0,0,0
"20070104",1,0,0,0,0,0
"20070105",0,0,0,0,0,0
"20070106",0,0,0,0,0,0
"20070107",0,0,0,0,0,0
"20070108",0,0,0,0,0,0
"20070109",0,0,0,0,0,0
"20070110",0,0,0,0,0,0
"20070111",0,0,0,0,0,0
"20070112",0,0,0,0,0,0
"20070113",0,0,0,0,0,0
"20070114",0,0,0,0,0,0
"20070115",0,0,0,0,0,0
"20070116",1,0,0,0,0,0
"20070117",1,0,0,0,0,0
"20070118",1,0,0,0,0,0
"20070119",1,0,0,0,0,0
"20070120",1,0,0,0,0,0
"20070121",1,0,0,0,0,0
"20070122",1,0,0,0,0,0
"20070123",1,0,0,0,0,0
"20070124",0,0,0,0,0,0
"20070125",0,0,0,0,0,0
"20070126",1,0,0,0,0,0
"20070127",0,0,0,0,0,0
"20070128",0,0,0,0,0,0
"20070129",0,0,0,0,0,0
"20070130",0,0,0,0,0,0
"20070131",0,0,0,0,0,0
"20070201",0,0,0,0,0,0
"20070202",0,0,0,0,0,0
"20070203",0,0,0,0,0,0
"20070204",0,0,0,0,0,0
"20070205",0,0,0,0,0,0
"20070206",0,0,0,0,0,0
"20070207",0,0,0,0,0,0
"20070208",0,0,0,0,0,0
"20070209",0,0,0,0,0,0
"20070210",1,0,0,0,0,0
"20070211",0,0,0,0,0,0
"20070212",0,0,0,0,0,0
"20070213",0,0,0,0,0,0
"20070214",1,0,0,0,0,0
"20070215",0,0,0,0,0,0
"20070216",0,0,0,0,0,0
"20070217",1,0,0,0,0,0
"20070218",1,0,0,0,0,0
"20070219",1,0,0,0,0,0
"20070220",1,0,0,0,0,0
"20070221",1,0,0,0,0,0
"20070222",1,0,0,0,0,0
"20070223",1,0,0,0,0,0
"20070224",1,0,0,0,0,0
"20070225",1,0,0,0,0,0
"20070226",0,0,0,0,0,0
"20070227",0,0,0,0,0,0
"20070228",0,0,0,0,0,0
"20070301",1,0,0,0,0,0
"20070302",0,0,0,0,0,0
"20070303",0,0,0,0,0,0
"20070304",1,0,0,0,0,0
"20070305",1,0,1,0,0,0
"20070306",0,0,0,0,0,0
"20070307",0,0,0,0,0,0
"20070308",1,0,0,0,0,0
"20070309",0,0,0,0,0,0
"20070310",1,0,0,0,0,0
"20070311",1,0,0,0,0,0
"20070312",1,0,0,0,0,0
"20070313",1,0,0,0,0,0
"20070314",0,0,0,0,0,0
"20070315",0,0,0,0,0,0
"20070316",1,0,0,0,0,0
"20070317",1,0,0,0,0,0
"20070318",1,0,0,0,0,0
"20070319",1,0,0,0,0,0
"20070320",0,0,0,0,0,0
"20070321",0,0,0,0,0,0
"20070322",0,0,0,0,0,0
"20070323",0,0,0,0,0,0
"20070324",1,0,0,0,0,0
"20070325",1,0,0,0,0,0
"20070326",1,0,0,0,0,0
"20070327",1,0,0,0,0,0
"20070328",0,0,0,0,0,0
"20070329",0,0,0,0,0,0
"20070330",0,0,0,0,0,0
"20070331",0,0,0,0,0,0
"20070401",1,0,0,0,0,0
"20070402",1,0,0,0,0,0
"20070403",0,0,0,0,0,0
"20070404",0,0,0,0,0,0
"20070405",0,0,0,0,0,0
"20070406",0,0,0,0,0,0
"20070407",1,0,0,0,0,0
"20070408",1,0,0,0,0,0
"20070409",1,0,0,0,0,0
"20070410",1,0,0,0,0,0
"20070411",0,0,0,0,0,0
"20070412",0,0,0,0,0,0
"20070413",0,0,0,0,0,0
"20070414",1,0,0,0,0,0
"20070415",1,0,0,0,0,0
"20070416",0,0,0,0,0,0
"20070417",1,0,0,0,0,0
"20070418",1,0,1,0,0,0
"20070419",0,0,1,0,0,0
"20070420",0,0,0,0,0,0
"20070421",0,0,0,0,0,0
"20070422",0,0,0,0,0,0
"20070423",1,0,0,0,0,0
"20070424",1,0,0,0,0,0
"20070425",1,0,0,0,0,0
"20070426",0,0,0,0,0,0
"20070427",0,0,0,0,0,0
"20070428",1,0,0,0,0,0
"20070429",1,0,0,0,0,0
"20070430",1,0,0,0,0,0
"20070501",1,0,0,0,0,0
"20070502",0,0,0,0,0,0
"20070503",0,0,0,0,0,0
"20070504",0,0,0,0,0,0
"20070505",1,0,0,0,0,0
"20070506",1,0,0,0,0,0
"20070507",0,0,0,0,0,0
"20070508",0,0,0,0,0,0
"20070509",0,0,0,0,0,0
"20070510",0,0,0,0,0,0
"20070511",0,0,0,0,0,0
"20070512",1,0,0,0,0,0
"20070513",1,0,0,0,0,0
"20070514",1,0,0,0,0,0
"20070515",0,0,0,0,0,0
"20070516",1,0,0,0,0,0
"20070517",1,0,0,0,0,0
"20070518",1,0,0,0,0,0
"20070519",1,0,0,0,0,0
"20070520",1,0,0,0,0,0
"20070521",1,0,0,0,0,0
"20070522",1,0,0,0,0,0
"20070523",1,0,0,0,0,0
"20070524",0,0,0,0,0,0
"20070525",1,0,0,0,0,0
"20070526",1,0,0,0,0,0
"20070527",0,0,0,0,0,0
"20070528",1,0,0,0,0,0
"20070529",1,0,0,0,0,0
"20070530",1,0,0,0,0,0
"20070531",0,0,0,0,0,0
"20070601",0,0,0,0,0,0
"20070602",1,0,0,0,0,0
"20070603",1,0,1,0,0,0
"20070604",1,0,1,0,0,0
"20070605",1,0,1,1,0,0
"20070606",1,0,1,1,0,0
"20070607",1,0,1,0,0,0
"20070608",1,0,1,0,0,0
"20070609",1,0,1,0,0,0
"20070610",1,0,1,0,0,0
"20070611",1,0,0,0,0,0
"20070612",1,0,0,0,0,0
"20070613",1,0,0,0,0,0
"20070614",1,0,0,0,0,0
"20070615",1,0,0,0,0,0
"20070616",1,0,0,0,0,0
"20070617",0,0,0,0,0,0
"20070618",0,0,0,0,0,0
"20070619",0,0,0,0,0,0
"20070620",0,0,0,0,0,0
"20070621",0,0,0,0,0,0
"20070622",0,0,0,0,0,0
"20070623",0,0,1,0,0,0
"20070624",0,0,1,0,0,0
"20070625",0,0,0,0,0,0
"20070626",0,0,0,0,0,0
"20070627",0,0,1,0,0,0
"20070628",0,0,0,0,0,0
"20070629",0,0,0,0,0,0
"20070630",0,0,0,0,0,0
"20070701",0,0,1,0,0,0
"20070702",0,0,0,0,0,0
"20070703",0,0,0,0,0,0
"20070704",0,0,0,0,0,0
"20070705",0,0,1,1,0,0
"20070706",0,0,1,0,0,0
"20070707",0,0,0,0,0,0
"20070708",0,0,0,0,0,0
"20070709",0,0,0,0,0,0
"20070710",0,0,0,0,0,0
"20070711",0,0,1,0,0,0
"20070712",0,0,0,0,0,0
"20070713",0,0,0,0,0,0
"20070714",0,0,0,0,0,0
"20070715",0,0,0,0,0,0
"20070716",0,0,0,0,0,0
"20070717",0,0,0,0,0,0
"20070718",0,0,0,0,0,0
"20070719",0,0,0,0,0,0
"20070720",0,0,0,0,0,0
"20070721",0,0,0,0,0,0
"20070722",0,0,0,0,0,0
"20070723",0,0,0,0,0,0
"20070724",0,0,0,0,0,0
"20070725",0,0,0,0,0,0
"20070726",0,0,0,0,0,0
"20070727",0,0,0,0,0,0
"20070728",0,0,0,0,0,0
"20070729",0,0,0,0,0,0
"20070730",0,0,0,0,0,0
"20070731",0,0,0,0,0,0
"20070801",0,0,0,0,0,0
"20070802",0,0,0,0,0,0
"20070803",0,0,1,0,0,0
"20070804",0,0,1,0,0,0
"20070805",0,0,0,0,0,0
"20070806",0,1,0,0,0,0
"20070807",0,1,1,0,0,0
"20070808",0,1,1,0,0,0
"20070809",0,1,0,0,0,0
"20070810",0,0,0,0,0,0
"20070811",0,0,0,0,0,0
"20070812",0,0,0,0,0,0
"20070813",0,0,0,0,0,0
"20070814",0,0,1,0,0,0
"20070815",0,0,1,0,0,0
"20070816",0,1,0,0,0,0
"20070817",0,1,0,0,0,0
"20070818",0,1,1,0,0,0
"20070819",0,1,1,0,0,0
"20070820",0,0,0,0,0,0
"20070821",0,0,0,0,0,0
"20070822",0,0,1,0,0,0
"20070823",0,0,1,1,0,0
"20070824",0,0,1,0,0,0
"20070825",0,0,0,0,0,0
"20070826",0,0,0,0,0,0
"20070827",0,0,0,0,0,0
"20070828",0,0,0,0,0,0
"20070829",0,0,0,0,0,0
"20070830",0,0,0,0,0,0
"20070831",0,0,1,0,0,0
"20070901",0,0,1,0,0,0
"20070902",0,0,1,0,0,0
"20070903",1,0,1,0,0,0
"20070904",1,0,0,0,0,0
"20070905",1,0,1,0,0,0
"20070906",1,0,0,0,0,0
"20070907",1,0,0,0,0,0
"20070908",1,0,0,0,0,0
"20070909",1,0,0,0,0,0
"20070910",1,0,0,0,0,0
"20070911",1,0,0,0,0,0
"20070912",1,0,0,0,0,0
"20070913",1,0,0,0,0,0
"20070914",0,0,0,0,0,0
"20070915",0,0,0,0,0,0
"20070916",0,0,0,0,0,0
"20070917",0,1,1,0,0,0
"20070918",0,1,1,1,1,0
"20070919",0,1,1,1,1,0
"20070920",0,0,0,0,0,0
"20070921",0,0,1,0,0,0
"20070922",0,0,1,0,0,0
"20070923",0,0,1,0,0,0
"20070924",0,0,0,0,0,0
"20070925",0,0,0,0,0,0
"20070926",0,0,0,0,0,0
"20070927",0,0,0,0,0,0
"20070928",0,0,0,0,0,0
"20070929",0,0,0,0,0,0
"20070930",0,0,0,0,0,0
"20071001",0,0,0,0,0,0
"20071002",0,0,0,0,0,0
"20071003",0,0,0,0,0,0
"20071004",0,1,0,0,0,0
"20071005",0,1,0,0,0,0
"20071006",0,1,1,1,1,0
"20071007",0,1,1,1,1,0
"20071008",1,0,0,0,0,0
"20071009",1,0,0,0,0,0
"20071010",0,0,0,0,0,0
"20071011",0,0,0,0,0,0
"20071012",0,0,0,0,0,0
"20071013",0,0,0,0,0,0
"20071014",0,0,0,0,0,0
"20071015",0,0,0,0,0,0
"20071016",0,0,0,0,0,0
"20071017",0,0,0,0,0,0
"20071018",0,0,0,0,0,0
"20071019",0,0,0,0,0,0
"20071020",0,0,0,0,0,0
"20071021",0,0,0,0,0,0
"20071022",0,0,0,0,0,0
"20071023",0,0,0,0,0,0
"20071024",0,0,0,0,0,0
"20071025",0,0,0,0,0,0
"20071026",0,0,0,0,0,0
"20071027",0,0,0,0,0,0
"20071028",0,0,0,0,0,0
"20071029",0,0,0,0,0,0
"20071030",0,0,0,0,0,0
"20071031",0,0,0,0,0,0
"20071101",0,0,1,0,0,0
"20071102",0,0,1,0,0,0
"20071103",0,0,0,0,0,0
"20071104",0,0,0,0,0,0
"20071105",0,0,0,0,0,0
"20071106",0,0,1,0,0,0
"20071107",0,0,1,0,0,0
"20071108",0,0,0,0,0,0
"20071109",0,0,0,0,0,0
"20071110",0,0,0,0,0,0
"20071111",0,0,0,0,0,0
"20071112",0,0,0,0,0,0
"20071113",0,0,0,0,0,0
"20071114",0,0,0,0,0,0
"20071115",0,0,0,0,0,0
"20071116",0,0,0,0,0,0
"20071117",0,0,0,0,0,0
"20071118",0,0,0,0,0,0
"20071119",0,0,1,0,0,0
"20071120",0,0,0,0,0,0
"20071121",0,0,0,0,0,0
"20071122",0,0,0,0,0,0
"20071123",0,0,0,0,0,0
"20071124",0,0,0,0,0,0
"20071125",0,0,1,0,0,0
"20071126",1,1,1,1,0,0
"20071127",0,1,1,1,0,0
"20071128",0,0,1,0,0,0
"20071129",0,0,0,0,0,0
"20071130",0,0,0,0,0,0
"20071201",0,0,0,0,0,0
"20071202",0,0,0,0,0,0
"20071203",0,0,0,0,0,0
"20071204",0,0,0,0,0,0
"20071205",0,0,0,0,0,0
"20071206",1,0,0,0,0,0
"20071207",0,0,0,0,0,0
"20071208",0,0,0,0,0,0
"20071209",0,0,0,0,0,0
"20071210",0,0,0,0,0,0
"20071211",0,0,0,0,0,0
"20071212",0,0,0,0,0,0
"20071213",0,0,0,0,0,0
"20071214",0,0,0,0,0,0
"20071215",0,0,0,0,0,0
"20071216",0,0,0,0,0,0
"20071217",1,0,0,0,0,0
"20071218",1,0,0,0,0,0
"20071219",1,0,0,0,0,0
"20071220",0,0,0,0,0,0
"20071221",0,0,0,0,0,0
"20071222",1,0,0,0,0,0
"20071223",1,0,0,0,0,0
"20071224",1,0,0,0,0,0
"20071225",0,0,0,0,0,0
"20071226",0,0,0,0,0,0
"20071227",1,0,0,0,0,0
"20071228",0,0,0,0,0,0
"20071229",0,0,0,0,0,0
"20071230",0,0,0,0,0,0
"20071231",0,0,0,0,0,0
"20080101",0,0,0,0,0,0
"20080102",0,0,0,0,0,0
"20080103",0,0,0,0,0,0
"20080104",0,0,0,0,0,0
"20080105",0,0,0,0,0,0
"20080106",0,0,0,0,0,0
"20080107",0,0,0,0,0,0
"20080108",0,0,0,0,0,0
"20080109",0,0,0,0,0,0
"20080110",0,0,0,0,0,0
"20080111",0,0,0,0,0,0
"20080112",1,0,0,0,0,0
"20080113",0,0,0,0,0,0
"20080114",0,0,0,0,0,0
"20080115",0,0,0,0,0,0
"20080116",0,0,0,0,0,0
"20080117",0,0,0,0,0,0
"20080118",0,0,0,0,0,0
"20080119",0,0,0,0,0,0
"20080120",1,0,0,0,0,0
"20080121",0,0,0,0,0,0
"20080122",0,0,0,0,0,0
"20080123",0,0,0,0,0,0
"20080124",0,0,0,0,0,0
"20080125",0,0,0,0,0,0
"20080126",0,0,0,0,0,0
"20080127",0,0,0,0,0,0
"20080128",1,0,0,0,0,0
"20080129",0,0,0,0,0,0
"20080130",0,0,0,0,0,0
"20080131",0,0,0,0,0,0
"20080201",0,0,0,0,0,0
"20080202",1,0,0,0,0,0
"20080203",0,0,0,0,0,0
"20080204",0,0,0,0,0,0
"20080205",1,0,0,0,0,0
"20080206",0,0,0,0,0,0
"20080207",0,0,0,0,0,0
"20080208",0,0,0,0,0,0
"20080209",0,0,0,0,0,0
"20080210",0,0,0,0,0,0
"20080211",0,0,0,0,0,0
"20080212",0,0,0,0,0,0
"20080213",0,0,0,0,0,0
"20080214",0,0,0,0,0,0
"20080215",0,0,0,0,0,0
"20080216",0,0,0,0,0,0
"20080217",0,0,0,0,0,0
"20080218",0,0,0,0,0,0
"20080219",0,0,0,0,0,0
"20080220",0,0,0,0,0,0
"20080221",0,0,0,0,0,0
"20080222",1,0,0,0,0,0
"20080223",1,0,0,0,0,0
"20080224",0,0,0,0,0,0
"20080225",1,0,0,0,0,0
"20080226",1,0,0,0,0,0
"20080227",0,0,0,0,0,0
"20080228",1,0,0,0,0,0
"20080229",1,0,0,0,0,0
"20080301",0,0,0,0,0,0
"20080302",0,0,0,0,0,0
"20080303",0,0,0,0,0,0
"20080304",0,0,0,0,0,0
"20080305",0,0,0,0,0,0
"20080306",0,0,0,0,0,0
"20080307",1,0,0,0,0,0
"20080308",1,0,0,0,0,0
"20080309",1,0,0,0,0,0
"20080310",0,0,0,0,0,0
"20080311",0,0,0,0,0,0
"20080312",0,0,0,0,0,0
"20080313",1,0,0,0,0,0
"20080314",1,0,0,0,0,0
"20080315",0,0,0,0,0,0
"20080316",0,0,0,0,0,0
"20080317",1,0,0,0,0,0
"20080318",1,0,0,0,0,0
"20080319",1,0,0,0,0,0
"20080320",0,0,0,0,0,0
"20080321",0,0,0,0,0,0
"20080322",1,0,0,0,0,0
"20080323",1,0,0,0,0,0
"20080324",0,0,0,0,0,0
"20080325",1,0,0,0,0,0
"20080326",1,0,0,0,0,0
"20080327",0,0,0,0,0,0
"20080328",0,0,0,0,0,0
"20080329",1,0,0,0,0,0
"20080330",1,0,0,0,0,0
"20080331",1,0,0,0,0,0
"20080401",1,0,0,0,0,0
"20080402",1,0,0,0,0,0
"20080403",1,0,0,0,0,0
"20080404",0,0,0,0,0,0
"20080405",0,0,0,0,0,0
"20080406",0,0,0,0,0,0
"20080407",0,0,0,0,0,0
"20080408",0,0,0,0,0,0
"20080409",1,0,0,0,0,0
"20080410",1,0,0,0,0,0
"20080411",0,0,0,0,0,0
"20080412",0,0,0,0,0,0
"20080413",1,0,0,0,0,0
"20080414",0,0,0,0,0,0
"20080415",0,0,0,0,0,0
"20080416",1,0,0,0,0,0
"20080417",1,0,0,0,0,0
"20080418",0,0,0,0,0,0
"20080419",0,0,0,0,0,0
"20080420",0,0,0,0,0,0
"20080421",1,0,0,0,0,0
"20080422",1,0,0,0,0,0
"20080423",0,0,0,0,0,0
"20080424",0,0,0,0,0,0
"20080425",0,0,0,0,0,0
"20080426",0,0,0,0,0,0
"20080427",0,0,0,0,0,0
"20080428",1,0,0,0,0,0
"20080429",0,0,0,0,0,0
"20080430",1,0,0,0,0,0
"20080501",1,0,0,0,0,0
"20080502",0,0,0,0,0,0
"20080503",0,0,0,0,0,0
"20080504",1,0,0,0,0,0
"20080505",1,0,1,0,0,0
"20080506",1,0,1,0,0,0
"20080507",1,0,0,0,0,0
"20080508",0,0,0,0,0,0
"20080509",1,0,0,0,0,0
"20080510",1,0,0,0,0,0
"20080511",0,0,0,0,0,0
"20080512",0,0,0,0,0,0
"20080513",0,0,0,0,0,0
"20080514",0,0,0,0,0,0
"20080515",0,0,0,0,0,0
"20080516",0,0,0,0,0,0
"20080517",0,0,0,0,0,0
"20080518",0,0,0,0,0,0
"20080519",1,0,0,0,0,0
"20080520",1,0,0,0,0,0
"20080521",1,0,0,0,0,0
"20080522",1,0,0,0,0,0
"20080523",0,0,0,0,0,0
"20080524",1,0,0,0,0,0
"20080525",0,0,0,0,0,0
"20080526",1,0,0,0,0,0
"20080527",0,0,0,0,0,0
"20080528",0,0,0,0,0,0
"20080529",0,0,0,0,0,0
"20080530",1,0,1,1,0,0
"20080531",1,0,1,0,0,0
"20080601",1,0,0,0,0,0
"20080602",1,0,0,0,0,0
"20080603",1,0,0,0,0,0
"20080604",1,0,0,0,0,0
"20080605",1,0,0,0,0,0
"20080606",1,0,0,0,0,0
"20080607",1,0,0,0,0,0
"20080608",1,0,0,0,0,0
"20080609",0,0,1,0,0,0
"20080610",0,0,1,0,0,0
"20080611",0,0,0,0,0,0
"20080612",1,0,0,0,0,0
"20080613",1,0,0,0,0,0
"20080614",0,0,0,0,0,0
"20080615",1,0,0,0,0,0
"20080616",0,0,1,0,0,0
"20080617",0,0,1,0,0,0
"20080618",0,0,0,0,0,0
"20080619",0,0,0,0,0,0
"20080620",0,0,0,0,0,0
"20080621",0,0,0,0,0,0
"20080622",0,0,0,0,0,0
"20080623",0,0,0,0,0,0
"20080624",0,0,0,0,0,0
"20080625",0,0,0,0,0,0
"20080626",0,0,0,0,0,0
"20080627",0,0,1,0,0,0
"20080628",0,0,1,0,0,0
"20080629",1,0,1,0,0,0
"20080630",0,0,0,0,0,0
"20080701",0,0,0,0,0,0
"20080702",0,0,0,0,0,0
"20080703",0,0,0,0,0,0
"20080704",0,0,0,0,0,0
"20080705",0,0,0,0,0,0
"20080706",0,0,0,0,0,0
"20080707",0,0,1,1,0,0
"20080708",0,0,1,0,0,0
"20080709",0,0,0,0,0,0
"20080710",0,0,0,0,0,0
"20080711",0,0,1,0,0,0
"20080712",0,0,1,0,0,0
"20080713",0,0,0,0,0,0
"20080714",0,0,0,0,0,0
"20080715",0,0,0,0,0,0
"20080716",0,1,0,0,0,0
"20080717",0,1,0,0,0,0
"20080718",0,1,0,0,0,0
"20080719",0,0,0,0,0,0
"20080720",0,0,0,0,0,0
"20080721",0,0,0,0,0,0
"20080722",0,0,0,0,0,0
"20080723",0,0,0,0,0,0
"20080724",0,0,0,0,0,0
"20080725",0,0,0,0,0,0
"20080726",0,1,0,0,0,0
"20080727",0,1,1,0,0,0
"20080728",0,1,1,1,0,0
"20080729",0,1,1,0,0,0
"20080730",0,0,0,0,0,0
"20080731",0,0,0,0,0,0
"20080801",0,0,0,0,0,0
"20080802",0,0,0,0,0,0
"20080803",0,0,0,0,0,0
"20080804",0,0,0,0,0,0
"20080805",0,0,0,0,0,0
"20080806",0,0,0,0,0,0
"20080807",0,0,0,0,0,0
"20080808",0,0,0,0,0,0
"20080809",0,0,0,0,0,0
"20080810",0,0,0,0,0,0
"20080811",0,0,1,0,0,0
"20080812",0,0,0,0,0,0
"20080813",0,0,0,0,0,0
"20080814",0,0,0,0,0,0
"20080815",0,0,1,0,0,0
"20080816",0,0,1,0,0,0
"20080817",0,0,1,0,0,0
"20080818",0,0,1,0,0,0
"20080819",0,1,0,0,0,0
"20080820",0,1,0,0,0,0
"20080821",0,1,0,0,0,0
"20080822",0,0,0,0,0,0
"20080823",0,0,1,0,0,0
"20080824",0,0,1,0,0,0
"20080825",0,0,0,0,0,0
"20080826",1,0,0,0,0,0
"20080827",1,0,0,0,0,0
"20080828",0,0,0,0,0,0
"20080829",0,0,0,0,0,0
"20080830",0,0,0,0,0,0
"20080831",1,0,0,0,0,0
"20080901",1,0,0,0,0,0
"20080902",1,0,0,0,0,0
"20080903",1,0,0,0,0,0
"20080904",1,0,1,0,0,0
"20080905",0,0,0,0,0,0
"20080906",0,0,0,0,0,0
"20080907",0,0,0,0,0,0
"20080908",0,0,0,0,0,0
"20080909",0,0,0,0,0,0
"20080910",0,0,0,0,0,0
"20080911",0,1,0,0,0,0
"20080912",0,1,0,0,0,0
"20080913",0,1,1,1,1,0
"20080914",0,1,1,1,1,1
"20080915",0,1,1,1,1,0
"20080916",0,1,1,0,0,0
"20080917",0,0,0,0,0,0
"20080918",0,0,0,0,0,0
"20080919",0,0,0,0,0,0
"20080920",0,0,0,0,0,0
"20080921",0,1,0,0,0,0
"20080922",0,1,0,0,0,0
"20080923",0,1,0,0,0,0
"20080924",0,0,0,0,0,0
"20080925",0,0,0,0,0,0
"20080926",0,1,0,0,0,0
"20080927",0,1,1,0,0,0
"20080928",0,1,1,1,1,0
"20080929",0,1,1,1,1,0
"20080930",0,0,1,0,0,0
"20081001",0,0,0,0,0,0
"20081002",0,0,0,0,0,0
"20081003",0,0,0,0,0,0
"20081004",0,0,0,0,0,0
"20081005",1,0,0,0,0,0
"20081006",1,0,0,0,0,0
"20081007",1,0,0,0,0,0
"20081008",0,0,0,0,0,0
"20081009",0,0,0,0,0,0
"20081010",0,0,0,0,0,0
"20081011",0,0,0,0,0,0
"20081012",0,0,0,0,0,0
"20081013",0,0,0,0,0,0
"20081014",0,0,0,0,0,0
"20081015",0,0,1,0,0,0
"20081016",0,0,1,0,0,0
"20081017",0,0,0,0,0,0
"20081018",0,0,0,0,0,0
"20081019",0,0,0,0,0,0
"20081020",0,0,0,0,0,0
"20081021",0,0,1,1,0,0
"20081022",0,0,1,1,0,0
"20081023",1,0,0,0,0,0
"20081024",1,0,0,0,0,0
"20081025",0,0,0,0,0,0
"20081026",0,0,0,0,0,0
"20081027",0,0,0,0,0,0
"20081028",0,0,0,0,0,0
"20081029",0,0,0,0,0,0
"20081030",0,0,0,0,0,0
"20081031",1,0,0,0,0,0
"20081101",0,0,0,0,0,0
"20081102",1,0,0,0,0,0
"20081103",1,0,0,0,0,0
"20081104",0,0,0,0,0,0
"20081105",0,0,0,0,0,0
"20081106",0,0,0,0,0,0
"20081107",1,0,0,0,0,0
"20081108",1,0,1,1,0,0
"20081109",1,0,1,0,0,0
"20081110",0,0,1,0,0,0
"20081111",0,0,1,0,0,0
"20081112",0,0,1,0,0,0
"20081113",0,0,1,0,0,0
"20081114",0,0,1,0,0,0
"20081115",0,0,0,0,0,0
"20081116",0,0,0,0,0,0
"20081117",0,0,0,0,0,0
"20081118",0,0,0,0,0,0
"20081119",0,0,0,0,0,0
"20081120",0,0,0,0,0,0
"20081121",0,0,0,0,0,0
"20081122",0,0,0,0,0,0
"20081123",1,0,0,0,0,0
"20081124",1,0,0,0,0,0
"20081125",0,0,0,0,0,0
"20081126",0,0,0,0,0,0
"20081127",0,0,0,0,0,0
"20081128",0,0,0,0,0,0
"20081129",0,0,0,0,0,0
"20081130",0,0,0,0,0,0
"20081201",0,0,0,0,0,0
"20081202",0,0,0,0,0,0
"20081203",0,0,0,0,0,0
"20081204",1,0,0,0,0,0
"20081205",0,0,0,0,0,0
"20081206",0,0,0,0,0,0
"20081207",0,0,0,0,0,0
"20081208",1,0,0,0,0,0
"20081209",0,0,0,0,0,0
"20081210",0,0,0,0,0,0
"20081211",0,0,0,0,0,0
"20081212",0,0,0,0,0,0
"20081213",0,0,0,0,0,0
"20081214",0,0,0,0,0,0
"20081215",0,0,0,0,0,0
"20081216",0,0,0,0,0,0
"20081217",0,0,0,0,0,0
"20081218",0,0,0,0,0,0
"20081219",0,0,0,0,0,0
"20081220",0,0,0,0,0,0
"20081221",1,0,0,0,0,0
"20081222",0,0,0,0,0,0
"20081223",0,0,0,0,0,0
"20081224",0,0,0,0,0,0
"20081225",0,0,0,0,0,0
"20081226",0,0,0,0,0,0
"20081227",0,0,0,0,0,0
"20081228",1,0,0,0,0,0
"20081229",1,0,0,0,0,0
"20081230",0,0,0,0,0,0
"20081231",0,0,0,0,0,0
"20090101",0,0,0,0,0,0
"20090102",0,0,0,0,0,0
"20090103",1,0,0,0,0,0
"20090104",1,0,0,0,0,0
"20090105",0,0,0,0,0,0
"20090106",0,0,1,0,0,0
"20090107",0,0,1,0,0,0
"20090108",0,0,0,0,0,0
"20090109",0,0,0,0,0,0
"20090110",0,0,0,0,0,0
"20090111",0,0,0,0,0,0
"20090112",0,0,0,0,0,0
"20090113",0,0,0,0,0,0
"20090114",0,0,0,0,0,0
"20090115",0,0,0,0,0,0
"20090116",0,0,0,0,0,0
"20090117",0,0,0,0,0,0
"20090118",0,0,0,0,0,0
"20090119",0,0,0,0,0,0
"20090120",1,0,0,0,0,0
"20090121",1,0,0,0,0,0
"20090122",0,0,0,0,0,0
"20090123",0,0,0,0,0,0
"20090124",0,0,0,0,0,0
"20090125",0,0,0,0,0,0
"20090126",0,0,0,0,0,0
"20090127",0,0,0,0,0,0
"20090128",0,0,0,0,0,0
"20090129",1,0,0,0,0,0
"20090130",1,0,0,0,0,0
"20090131",0,0,0,0,0,0
"20090201",0,0,0,0,0,0
"20090202",0,0,0,0,0,0
"20090203",0,0,0,0,0,0
"20090204",1,0,0,0,0,0
"20090205",1,0,0,0,0,0
"20090206",1,0,0,0,0,0
"20090207",0,0,0,0,0,0
"20090208",0,0,0,0,0,0
"20090209",0,0,0,0,0,0
"20090210",0,0,0,0,0,0
"20090211",0,0,0,0,0,0
"20090212",0,0,0,0,0,0
"20090213",0,0,0,0,0,0
"20090214",1,0,0,0,0,0
"20090215",1,0,0,0,0,0
"20090216",1,0,0,0,0,0
"20090217",0,0,0,0,0,0
"20090218",0,0,0,0,0,0
"20090219",1,0,0,0,0,0
"20090220",1,0,0,0,0,0
"20090221",0,0,0,0,0,0
"20090222",1,0,0,0,0,0
"20090223",1,0,0,0,0,0
"20090224",0,0,0,0,0,0
"20090225",1,0,0,0,0,0
"20090226",1,0,0,0,0,0
"20090227",0,0,0,0,0,0
"20090228",0,0,0,0,0,0
"20090301",0,0,0,0,0,0
"20090302",1,0,0,0,0,0
"20090303",1,0,0,0,0,0
"20090304",0,0,0,0,0,0
"20090305",1,0,0,0,0,0
"20090306",1,0,0,0,0,0
"20090307",1,0,0,0,0,0
"20090308",1,0,0,0,0,0
"20090309",0,0,0,0,0,0
"20090310",0,0,0,0,0,0
"20090311",0,0,0,0,0,0
"20090312",0,0,0,0,0,0
"20090313",1,0,0,0,0,0
"20090314",0,0,0,0,0,0
"20090315",0,0,0,0,0,0
"20090316",0,0,0,0,0,0
"20090317",0,0,0,0,0,0
"20090318",0,0,0,0,0,0
"20090319",0,0,0,0,0,0
"20090320",0,0,0,0,0,0
"20090321",0,0,0,0,0,0
"20090322",0,0,0,0,0,0
"20090323",1,0,0,0,0,0
"20090324",1,0,0,0,0,0
"20090325",0,0,0,0,0,0
"20090326",0,0,0,0,0,0
"20090327",1,0,0,0,0,0
"20090328",1,0,0,0,0,0
"20090329",1,0,0,0,0,0
"20090330",0,0,0,0,0,0
"20090331",0,0,0,0,0,0
"20090401",0,0,0,0,0,0
"20090402",0,0,0,0,0,0
"20090403",0,0,0,0,0,0
"20090404",1,0,0,0,0,0
"20090405",1,0,0,0,0,0
"20090406",0,0,0,0,0,0
"20090407",1,0,0,0,0,0
"20090408",0,0,0,0,0,0
"20090409",0,0,0,0,0,0
"20090410",0,0,0,0,0,0
"20090411",0,0,0,0,0,0
"20090412",0,0,0,0,0,0
"20090413",1,0,0,0,0,0
"20090414",1,0,0,0,0,0
"20090415",1,0,0,0,0,0
"20090416",1,0,0,0,0,0
"20090417",1,0,0,0,0,0
"20090418",0,0,0,0,0,0
"20090419",0,0,0,0,0,0
"20090420",1,0,0,0,0,0
"20090421",1,0,0,0,0,0
"20090422",0,0,0,0,0,0
"20090423",0,0,0,0,0,0
"20090424",1,0,0,0,0,0
"20090425",1,0,0,0,0,0
"20090426",0,0,0,0,0,0
"20090427",0,0,0,0,0,0
"20090428",0,0,0,0,0,0
"20090429",0,0,0,0,0,0
"20090430",0,0,0,0,0,0
"20090501",0,0,0,0,0,0
"20090502",0,0,0,0,0,0
"20090503",0,0,0,0,0,0
"20090504",0,0,0,0,0,0
"20090505",0,0,0,0,0,0
"20090506",0,0,0,0,0,0
"20090507",0,0,0,0,0,0
"20090508",0,0,0,0,0,0
"20090509",0,0,0,0,0,0
"20090510",0,0,0,0,0,0
"20090511",0,0,0,0,0,0
"20090512",0,0,0,0,0,0
"20090513",0,0,0,0,0,0
"20090514",0,0,0,0,0,0
"20090515",0,0,0,0,0,0
"20090516",0,0,0,0,0,0
"20090517",1,0,0,0,0,0
"20090518",1,0,0,0,0,0
"20090519",1,0,0,0,0,0
"20090520",0,0,0,0,0,0
"20090521",1,0,0,0,0,0
"20090522",1,0,0,0,0,0
"20090523",1,0,0,0,0,0
"20090524",1,0,0,0,0,0
"20090525",1,0,0,0,0,0
"20090526",1,0,0,0,0,0
"20090527",1,0,0,0,0,0
"20090528",0,0,0,0,0,0
"20090529",0,0,0,0,0,0
"20090530",0,0,0,0,0,0
"20090531",0,0,0,0,0,0
"20090601",0,0,0,0,0,0
"20090602",0,0,0,0,0,0
"20090603",1,0,0,0,0,0
"20090604",1,0,1,0,0,0
"20090605",0,0,1,0,0,0
"20090606",0,0,0,0,0,0
"20090607",0,0,0,0,0,0
"20090608",0,0,0,0,0,0
"20090609",0,0,0,0,0,0
"20090610",1,0,0,0,0,0
"20090611",1,0,0,0,0,0
"20090612",1,0,0,0,0,0
"20090613",1,0,0,0,0,0
"20090614",1,0,0,0,0,0
"20090615",1,0,0,0,0,0
"20090616",1,0,1,0,0,0
"20090617",0,0,0,0,0,0
"20090618",0,0,0,0,0,0
"20090619",0,1,0,0,0,0
"20090620",0,1,0,0,0,0
"20090621",0,1,0,0,0,0
"20090622",0,1,0,0,0,0
"20090623",0,0,0,0,0,0
"20090624",0,0,0,0,0,0
"20090625",1,0,0,0,0,0
"20090626",0,0,0,0,0,0
"20090627",0,0,0,0,0,0
"20090628",0,0,0,0,0,0
"20090629",0,0,0,0,0,0
"20090630",0,0,0,0,0,0
"20090701",1,0,0,0,0,0
"20090702",1,0,0,0,0,0
"20090703",1,0,0,0,0,0
"20090704",1,0,0,0,0,0
"20090705",0,0,0,0,0,0
"20090706",0,0,0,0,0,0
"20090707",0,0,0,0,0,0
"20090708",0,0,0,0,0,0
"20090709",0,0,0,0,0,0
"20090710",0,0,0,0,0,0
"20090711",0,0,0,0,0,0
"20090712",0,0,0,0,0,0
"20090713",0,0,0,0,0,0
"20090714",0,0,0,0,0,0
"20090715",0,0,0,0,0,0
"20090716",0,1,0,0,0,0
"20090717",0,1,0,0,0,0
"20090718",0,1,0,0,0,0
"20090719",0,0,0,0,0,0
"20090720",0,0,0,0,0,0
"20090721",0,0,0,0,0,0
"20090722",0,0,0,0,0,0
"20090723",0,0,0,0,0,0
"20090724",0,0,0,0,0,0
"20090725",0,0,1,0,0,0
"20090726",0,0,1,0,0,0
"20090727",0,0,0,0,0,0
"20090728",0,0,0,0,0,0
"20090729",0,0,0,0,0,0
"20090730",0,0,0,0,0,0
"20090731",0,0,0,0,0,0
"20090801",0,0,0,0,0,0
"20090802",0,0,0,0,0,0
"20090803",0,0,0,0,0,0
"20090804",0,0,0,0,0,0
"20090805",0,1,0,0,0,0
"20090806",0,1,1,1,0,0
"20090807",0,1,1,1,0,0
"20090808",0,1,1,1,0,0
"20090809",0,1,0,0,0,0
"20090810",0,1,0,0,0,0
"20090811",0,0,0,0,0,0
"20090812",0,0,1,1,0,0
"20090813",0,0,1,0,0,0
"20090814",0,0,0,0,0,0
"20090815",0,0,0,0,0,0
"20090816",0,0,0,0,0,0
"20090817",0,0,0,0,0,0
"20090818",0,0,0,0,0,0
"20090819",0,0,0,0,0,0
"20090820",0,0,0,0,0,0
"20090821",0,0,0,0,0,0
"20090822",0,0,0,0,0,0
"20090823",0,0,0,0,0,0
"20090824",0,0,0,0,0,0
"20090825",0,0,0,0,0,0
"20090826",0,0,0,0,0,0
"20090827",0,0,0,0,0,0
"20090828",0,0,0,0,0,0
"20090829",0,0,0,0,0,0
"20090830",0,0,0,0,0,0
"20090831",0,0,0,0,0,0
"20090901",0,0,0,0,0,0
"20090902",0,0,0,0,0,0
"20090903",0,0,1,0,0,0
"20090904",0,0,0,0,0,0
"20090905",0,0,0,0,0,0
"20090906",0,0,0,0,0,0
"20090907",0,0,0,0,0,0
"20090908",0,0,0,0,0,0
"20090909",0,0,0,0,0,0
"20090910",0,0,0,0,0,0
"20090911",0,0,0,0,0,0
"20090912",0,0,0,0,0,0
"20090913",0,0,1,0,0,0
"20090914",0,0,1,0,0,0
"20090915",0,0,0,0,0,0
"20090916",0,0,0,0,0,0
"20090917",0,0,0,0,0,0
"20090918",0,0,0,0,0,0
"20090919",0,0,0,0,0,0
"20090920",0,0,0,0,0,0
"20090921",0,0,0,0,0,0
"20090922",0,0,0,0,0,0
"20090923",0,0,0,0,0,0
"20090924",0,0,0,0,0,0
"20090925",0,0,0,0,0,0
"20090926",0,0,0,0,0,0
"20090927",0,0,0,0,0,0
"20090928",1,0,1,1,0,0
"20090929",1,0,1,1,0,0
"20090930",1,0,1,0,0,0
"20091001",1,0,0,0,0,0
"20091002",1,0,0,0,0,0
"20091003",0,1,0,0,0,0
"20091004",0,1,1,0,0,0
"20091005",0,1,1,1,0,0
"20091006",0,1,1,0,0,0
"20091007",0,0,1,0,0,0
"20091008",0,0,0,0,0,0
"20091009",0,0,0,0,0,0
"20091010",0,0,0,0,0,0
"20091011",0,0,0,0,0,0
"20091012",0,0,0,0,0,0
"20091013",0,0,0,0,0,0
"20091014",0,0,0,0,0,0
"20091015",0,0,0,0,0,0
"20091016",0,0,0,0,0,0
"20091017",0,0,0,0,0,0
"20091018",0,0,0,0,0,0
"20091019",0,0,0,0,0,0
"20091020",0,0,0,0,0,0
"20091021",0,0,0,0,0,0
"20091022",0,0,0,0,0,0
"20091023",0,0,1,0,0,0
"20091024",0,0,1,0,0,0
"20091025",0,0,0,0,0,0
"20091026",0,0,0,0,0,0
"20091027",0,0,0,0,0,0
"20091028",0,0,0,0,0,0
"20091029",0,0,0,0,0,0
"20091030",0,0,0,0,0,0
"20091031",1,0,0,0,0,0
"20091101",0,0,0,0,0,0
"20091102",0,0,0,0,0,0
"20091103",0,0,0,0,0,0
"20091104",0,0,0,0,0,0
"20091105",0,0,0,0,0,0
"20091106",0,0,0,0,0,0
"20091107",0,0,0,0,0,0
"20091108",0,0,0,0,0,0
"20091109",0,0,0,0,0,0
"20091110",1,0,0,0,0,0
"20091111",1,0,0,0,0,0
"20091112",1,0,0,0,0,0
"20091113",1,0,0,0,0,0
"20091114",0,0,0,0,0,0
"20091115",1,0,0,0,0,0
"20091116",1,0,0,0,0,0
"20091117",0,0,1,0,0,0
"20091118",0,0,1,0,0,0
"20091119",0,0,0,0,0,0
"20091120",0,0,0,0,0,0
"20091121",0,0,0,0,0,0
"20091122",0,0,0,0,0,0
"20091123",0,0,0,0,0,0
"20091124",0,0,0,0,0,0
"20091125",0,0,0,0,0,0
"20091126",0,0,0,0,0,0
"20091127",0,0,0,0,0,0
"20091128",0,0,0,0,0,0
"20091129",0,0,0,0,0,0
"20091130",0,0,0,0,0,0
"20091201",0,0,0,0,0,0
"20091202",0,0,0,0,0,0
"20091203",0,0,0,0,0,0
"20091204",0,0,0,0,0,0
"20091205",0,0,0,0,0,0
"20091206",0,0,0,0,0,0
"20091207",0,0,0,0,0,0
"20091208",0,0,0,0,0,0
"20091209",0,0,0,0,0,0
"20091210",1,0,0,0,0,0
"20091211",0,0,0,0,0,0
"20091212",0,0,0,0,0,0
"20091213",0,0,0,0,0,0
"20091214",0,0,0,0,0,0
"20091215",0,0,0,0,0,0
"20091216",0,0,0,0,0,0
"20091217",0,0,0,0,0,0
"20091218",0,0,0,0,0,0
"20091219",0,0,0,0,0,0
"20091220",0,0,0,0,0,0
"20091221",0,0,0,0,0,0
"20091222",0,0,0,0,0,0
"20091223",0,0,0,0,0,0
"20091224",1,0,0,0,0,0
"20091225",1,0,0,0,0,0
"20091226",0,0,0,0,0,0
"20091227",0,0,0,0,0,0
"20091228",0,0,0,0,0,0
"20091229",0,0,0,0,0,0
"20091230",0,0,0,0,0,0
"20091231",0,0,0,0,0,0
"20100101",1,0,0,0,0,0
"20100102",1,0,0,0,0,0
"20100103",0,0,0,0,0,0
"20100104",0,0,0,0,0,0
"20100105",0,0,0,0,0,0
"20100106",0,0,0,0,0,0
"20100107",0,0,0,0,0,0
"20100108",0,0,0,0,0,0
"20100109",0,0,0,0,0,0
"20100110",1,0,0,0,0,0
"20100111",1,0,0,0,0,0
"20100112",0,0,0,0,0,0
"20100113",0,0,0,0,0,0
"20100114",0,0,0,0,0,0
"20100115",0,0,0,0,0,0
"20100116",0,0,0,0,0,0
"20100117",0,0,0,0,0,0
"20100118",0,0,0,0,0,0
"20100119",0,0,0,0,0,0
"20100120",0,0,0,0,0,0
"20100121",1,0,0,0,0,0
"20100122",0,0,0,0,0,0
"20100123",0,0,0,0,0,0
"20100124",1,0,0,0,0,0
"20100125",1,0,0,0,0,0
"20100126",0,0,0,0,0,0
"20100127",1,0,0,0,0,0
"20100128",1,0,0,0,0,0
"20100129",0,0,0,0,0,0
"20100130",0,0,0,0,0,0
"20100131",1,0,0,0,0,0
"20100201",1,0,0,0,0,0
"20100202",0,0,0,0,0,0
"20100203",0,0,0,0,0,0
"20100204",0,0,0,0,0,0
"20100205",0,0,0,0,0,0
"20100206",1,0,0,0,0,0
"20100207",1,0,0,0,0,0
"20100208",1,0,0,0,0,0
"20100209",0,0,0,0,0,0
"20100210",0,0,0,0,0,0
"20100211",1,0,0,0,0,0
"20100212",0,0,0,0,0,0
"20100213",0,0,0,0,0,0
"20100214",1,0,0,0,0,0
"20100215",1,0,0,0,0,0
"20100216",0,0,0,0,0,0
"20100217",0,0,0,0,0,0
"20100218",0,0,0,0,0,0
"20100219",0,0,0,0,0,0
"20100220",0,0,0,0,0,0
"20100221",0,0,0,0,0,0
"20100222",0,0,0,0,0,0
"20100223",0,0,0,0,0,0
"20100224",0,0,0,0,0,0
"20100225",0,0,0,0,0,0
"20100226",1,0,0,0,0,0
"20100227",1,0,0,0,0,0
"20100228",0,0,0,0,0,0
"20100301",1,0,0,0,0,0
"20100302",1,0,0,0,0,0
"20100303",0,0,0,0,0,0
"20100304",1,0,0,0,0,0
"20100305",1,0,0,0,0,0
"20100306",1,0,0,0,0,0
"20100307",1,0,0,0,0,0
"20100308",0,0,0,0,0,0
"20100309",0,0,0,0,0,0
"20100310",0,0,0,0,0,0
"20100311",0,0,0,0,0,0
"20100312",0,0,0,0,0,0
"20100313",0,0,0,0,0,0
"20100314",0,0,0,0,0,0
"20100315",1,0,0,0,0,0
"20100316",0,0,0,0,0,0
"20100317",0,0,0,0,0,0
"20100318",0,0,0,0,0,0
"20100319",0,0,0,0,0,0
"20100320",1,0,0,0,0,0
"20100321",0,0,0,0,0,0
"20100322",0,0,0,0,0,0
"20100323",0,0,0,0,0,0
"20100324",1,0,0,0,0,0
"20100325",1,0,0,0,0,0
"20100326",0,0,0,0,0,0
"20100327",0,0,0,0,0,0
"20100328",0,0,0,0,0,0
"20100329",0,0,0,0,0,0
"20100330",0,0,0,0,0,0
"20100331",0,0,0,0,0,0
"20100401",1,0,0,0,0,0
"20100402",1,0,0,0,0,0
"20100403",0,0,0,0,0,0
"20100404",1,0,0,0,0,0
"20100405",1,0,0,0,0,0
"20100406",1,0,0,0,0,0
"20100407",1,0,0,0,0,0
"20100408",0,0,0,0,0,0
"20100409",0,0,0,0,0,0
"20100410",0,0,0,0,0,0
"20100411",0,0,0,0,0,0
"20100412",1,0,0,0,0,0
"20100413",1,0,0,0,0,0
"20100414",1,0,0,0,0,0
"20100415",1,0,0,0,0,0
"20100416",0,0,0,0,0,0
"20100417",0,0,0,0,0,0
"20100418",0,0,0,0,0,0
"20100419",0,0,0,0,0,0
"20100420",0,0,0,0,0,0
"20100421",1,0,0,0,0,0
"20100422",1,0,0,0,0,0
"20100423",1,0,0,0,0,0
"20100424",0,0,0,0,0,0
"20100425",0,0,0,0,0,0
"20100426",1,0,0,0,0,0
"20100427",0,0,0,0,0,0
"20100428",0,0,0,0,0,0
"20100429",0,0,0,0,0,0
"20100430",0,0,0,0,0,0
"20100501",1,0,0,0,0,0
"20100502",0,0,0,0,0,0
"20100503",0,0,0,0,0,0
"20100504",0,0,0,0,0,0
"20100505",0,0,0,0,0,0
"20100506",0,0,0,0,0,0
"20100507",1,0,0,0,0,0
"20100508",1,0,0,0,0,0
"20100509",1,0,0,0,0,0
"20100510",1,0,0,0,0,0
"20100511",1,0,0,0,0,0
"20100512",1,0,0,0,0,0
"20100513",1,0,0,0,0,0
"20100514",1,0,0,0,0,0
"20100515",1,0,0,0,0,0
"20100516",1,0,0,0,0,0
"20100517",0,0,0,0,0,0
"20100518",0,0,0,0,0,0
"20100519",0,0,0,0,0,0
"20100520",1,0,0,0,0,0
"20100521",0,0,0,0,0,0
"20100522",0,0,0,0,0,0
"20100523",1,0,0,0,0,0
"20100524",1,0,0,0,0,0
"20100525",0,0,0,0,0,0
"20100526",1,0,0,0,0,0
"20100527",1,0,0,0,0,0
"20100528",1,0,0,0,0,0
"20100529",1,0,0,0,0,0
"20100530",1,0,0,0,0,0
"20100531",1,0,0,0,0,0
"20100601",1,0,0,0,0,0
"20100602",1,0,0,0,0,0
"20100603",1,0,0,0,0,0
"20100604",0,0,0,0,0,0
"20100605",0,0,0,0,0,0
"20100606",1,0,0,0,0,0
"20100607",0,0,0,0,0,0
"20100608",0,0,0,0,0,0
"20100609",0,0,0,0,0,0
"20100610",1,0,1,0,0,0
"20100611",1,0,1,0,0,0
"20100612",1,0,0,0,0,0
"20100613",1,0,1,0,0,0
"20100614",1,0,1,0,0,0
"20100615",1,0,0,0,0,0
"20100616",1,0,0,0,0,0
"20100617",1,0,0,0,0,0
"20100618",0,0,0,0,0,0
"20100619",0,0,0,0,0,0
"20100620",0,0,0,0,0,0
"20100621",0,0,1,0,0,0
"20100622",0,0,1,0,0,0
"20100623",1,0,0,0,0,0
"20100624",1,0,0,0,0,0
"20100625",0,0,0,0,0,0
"20100626",1,0,1,0,0,0
"20100627",0,0,0,0,0,0
"20100628",0,0,0,0,0,0
"20100629",0,0,1,0,0,0
"20100630",0,0,1,0,0,0
"20100701",0,0,0,0,0,0
"20100702",0,0,0,0,0,0
"20100703",0,0,0,0,0,0
"20100704",0,0,0,0,0,0
"20100705",0,0,0,0,0,0
"20100706",0,0,0,0,0,0
"20100707",0,0,0,0,0,0
"20100708",0,0,0,0,0,0
"20100709",0,0,0,0,0,0
"20100710",0,0,0,0,0,0
"20100711",0,0,0,0,0,0
"20100712",0,0,0,0,0,0
"20100713",0,0,0,0,0,0
"20100714",0,0,0,0,0,0
"20100715",0,0,0,0,0,0
"20100716",0,0,0,0,0,0
"20100717",0,0,0,0,0,0
"20100718",0,0,0,0,0,0
"20100719",0,0,0,0,0,0
"20100720",0,0,0,0,0,0
"20100721",0,0,0,0,0,0
"20100722",0,0,0,0,0,0
"20100723",0,0,0,0,0,0
"20100724",0,0,1,0,0,0
"20100725",0,0,0,0,0,0
"20100726",0,0,0,0,0,0
"20100727",0,0,0,0,0,0
"20100728",0,0,0,0,0,0
"20100729",0,0,0,0,0,0
"20100730",0,0,1,0,0,0
"20100731",0,0,0,0,0,0
"20100801",0,0,0,0,0,0
"20100802",0,0,0,0,0,0
"20100803",0,0,0,0,0,0
"20100804",0,0,0,0,0,0
"20100805",0,0,0,0,0,0
"20100806",0,0,0,0,0,0
"20100807",0,0,0,0,0,0
"20100808",0,0,0,0,0,0
"20100809",0,0,0,0,0,0
"20100810",0,0,0,0,0,0
"20100811",0,0,0,0,0,0
"20100812",0,0,0,0,0,0
"20100813",0,0,0,0,0,0
"20100814",0,0,0,0,0,0
"20100815",0,0,0,0,0,0
"20100816",0,0,0,0,0,0
"20100817",0,0,0,0,0,0
"20100818",0,0,0,0,0,0
"20100819",0,0,0,0,0,0
"20100820",0,0,0,0,0,0
"20100821",0,0,0,0,0,0
"20100822",0,0,0,0,0,0
"20100823",0,0,0,0,0,0
"20100824",0,0,0,0,0,0
"20100825",0,0,0,0,0,0
"20100826",0,0,0,0,0,0
"20100827",0,0,0,0,0,0
"20100828",0,0,0,0,0,0
"20100829",0,0,0,0,0,0
"20100830",0,1,1,1,0,0
"20100831",0,1,1,1,0,0
"20100901",0,0,1,0,0,0
"20100902",0,0,0,0,0,0
"20100903",0,0,0,0,0,0
"20100904",0,0,0,0,0,0
"20100905",0,0,0,0,0,0
"20100906",0,0,0,0,0,0
"20100907",0,0,0,0,0,0
"20100908",0,0,0,0,0,0
"20100909",0,1,0,0,0,0
"20100910",0,1,0,0,0,0
"20100911",0,0,0,0,0,0
"20100912",0,0,0,0,0,0
"20100913",0,0,0,0,0,0
"20100914",0,0,0,0,0,0
"20100915",0,0,0,0,0,0
"20100916",0,0,0,0,0,0
"20100917",0,1,0,0,0,0
"20100918",0,1,0,0,0,0
"20100919",0,1,1,0,0,0
"20100920",0,1,1,0,0,0
"20100921",0,0,0,0,0,0
"20100922",0,0,0,0,0,0
"20100923",0,0,1,0,0,0
"20100924",0,0,1,1,0,0
"20100925",0,0,0,0,0,0
"20100926",0,0,0,0,0,0
"20100927",0,0,0,0,0,0
"20100928",0,0,0,0,0,0
"20100929",0,0,0,0,0,0
"20100930",0,0,1,1,0,0
"20101001",0,0,1,1,0,0
"20101002",0,0,1,0,0,0
"20101003",1,0,0,0,0,0
"20101004",0,0,0,0,0,0
"20101005",0,0,0,0,0,0
"20101006",0,0,0,0,0,0
"20101007",1,0,0,0,0,0
"20101008",1,0,0,0,0,0
"20101009",1,0,0,0,0,0
"20101010",0,0,0,0,0,0
"20101011",0,0,0,0,0,0
"20101012",0,0,0,0,0,0
"20101013",1,0,0,0,0,0
"20101014",1,0,0,0,0,0
"20101015",1,0,0,0,0,0
"20101016",0,0,0,0,0,0
"20101017",0,0,0,0,0,0
"20101018",0,0,1,0,0,0
"20101019",0,0,1,0,0,0
"20101020",0,0,1,0,0,0
"20101021",0,1,1,1,1,0
"20101022",0,1,1,1,1,0
"20101023",0,1,1,0,0,0
"20101024",0,0,0,0,0,0
"20101025",0,0,1,0,0,0
"20101026",0,0,1,0,0,0
"20101027",0,0,1,0,0,0
"20101028",0,0,1,0,0,0
"20101029",0,0,1,0,0,0
"20101030",0,0,0,0,0,0
"20101031",0,0,0,0,0,0
"20101101",0,0,0,0,0,0
"20101102",0,0,0,0,0,0
"20101103",0,0,0,0,0,0
"20101104",0,0,0,0,0,0
"20101105",0,0,0,0,0,0
"20101106",0,0,0,0,0,0
"20101107",0,0,0,0,0,0
"20101108",0,0,0,0,0,0
"20101109",0,0,0,0,0,0
"20101110",0,0,0,0,0,0
"20101111",0,0,0,0,0,0
"20101112",0,0,0,0,0,0
"20101113",0,0,0,0,0,0
"20101114",0,0,0,0,0,0
"20101115",0,0,0,0,0,0
"20101116",0,0,0,0,0,0
"20101117",0,0,0,0,0,0
"20101118",1,0,0,0,0,0
"20101119",0,0,1,0,0,0
"20101120",0,0,0,0,0,0
"20101121",1,0,0,0,0,0
"20101122",1,0,0,0,0,0
"20101123",0,0,0,0,0,0
"20101124",0,0,0,0,0,0
"20101125",0,0,1,0,0,0
"20101126",0,0,1,0,0,0
"20101127",0,0,0,0,0,0
"20101128",0,0,0,0,0,0
"20101129",0,0,0,0,0,0
"20101130",1,0,0,0,0,0
"20101201",0,0,0,0,0,0
"20101202",0,0,0,0,0,0
"20101203",0,0,0,0,0,0
"20101204",0,0,0,0,0,0
"20101205",1,0,0,0,0,0
"20101206",1,0,0,0,0,0
"20101207",0,0,0,0,0,0
"20101208",0,0,0,0,0,0
"20101209",0,0,0,0,0,0
"20101210",0,0,0,0,0,0
"20101211",0,0,0,0,0,0
"20101212",0,0,0,0,0,0
"20101213",1,0,0,0,0,0
"20101214",1,0,0,0,0,0
"20101215",0,0,0,0,0,0
"20101216",0,0,1,0,0,0
"20101217",0,0,0,0,0,0
"20101218",0,0,0,0,0,0
"20101219",0,0,0,0,0,0
"20101220",0,0,0,0,0,0
"20101221",0,0,0,0,0,0
"20101222",0,0,0,0,0,0
"20101223",0,0,0,0,0,0
"20101224",0,0,0,0,0,0
"20101225",0,0,0,0,0,0
"20101226",0,0,0,0,0,0
"20101227",0,0,0,0,0,0
"20101228",0,0,0,0,0,0
"20101229",0,0,0,0,0,0
"20101230",0,0,0,0,0,0
"20101231",0,0,0,0,0,0
